,UF,NOMEUF,CODMUN,NOMEMUN
0,11,Rondônia,110001,Alta Floresta D'Oeste
1,11,Rondônia,110037,Alto Alegre dos Parecis
2,11,Rondônia,110040,Alto Paraíso
3,11,Rondônia,110034,Alvorada D'Oeste
4,11,Rondônia,110002,Ariquemes
5,11,Rondônia,110045,Buritis
6,11,Rondônia,110003,Cabixi
7,11,Rondônia,110060,Cacaulândia
8,11,Rondônia,110004,Cacoal
9,11,Rondônia,110070,Campo Novo de Rondônia
10,11,Rondônia,110080,Candeias do Jamari
11,11,Rondônia,110090,Castanheiras
12,11,Rondônia,110005,Cerejeiras
13,11,Rondônia,110092,Chupinguaia
14,11,Rondônia,110006,Colorado do Oeste
15,11,Rondônia,110007,Corumbiara
16,11,Rondônia,110008,Costa Marques
17,11,Rondônia,110094,Cujubim
18,11,Rondônia,110009,Espigão D'Oeste
19,11,Rondônia,110100,Governador Jorge Teixeira
20,11,Rondônia,110010,Guajará-Mirim
21,11,Rondônia,110110,Itapuã do Oeste
22,11,Rondônia,110011,Jaru
23,11,Rondônia,110012,Ji-Paraná
24,11,Rondônia,110013,Machadinho D'Oeste
25,11,Rondônia,110120,Ministro Andreazza
26,11,Rondônia,110130,Mirante da Serra
27,11,Rondônia,110140,Monte Negro
28,11,Rondônia,110014,Nova Brasilândia D'Oeste
29,11,Rondônia,110033,Nova Mamoré
30,11,Rondônia,110143,Nova União
31,11,Rondônia,110050,Novo Horizonte do Oeste
32,11,Rondônia,110015,Ouro Preto do Oeste
33,11,Rondônia,110145,Parecis
34,11,Rondônia,110018,Pimenta Bueno
35,11,Rondônia,110146,Pimenteiras do Oeste
36,11,Rondônia,110020,Porto Velho
37,11,Rondônia,110025,Presidente Médici
38,11,Rondônia,110147,Primavera de Rondônia
39,11,Rondônia,110026,Rio Crespo
40,11,Rondônia,110028,Rolim de Moura
41,11,Rondônia,110029,Santa Luzia D'Oeste
42,11,Rondônia,110148,São Felipe D'Oeste
43,11,Rondônia,110149,São Francisco do Guaporé
44,11,Rondônia,110032,São Miguel do Guaporé
45,11,Rondônia,110150,Seringueiras
46,11,Rondônia,110155,Teixeirópolis
47,11,Rondônia,110160,Theobroma
48,11,Rondônia,110170,Urupá
49,11,Rondônia,110175,Vale do Anari
50,11,Rondônia,110180,Vale do Paraíso
51,11,Rondônia,110030,Vilhena
52,12,Acre,120001,Acrelândia
53,12,Acre,120005,Assis Brasil
54,12,Acre,120010,Brasiléia
55,12,Acre,120013,Bujari
56,12,Acre,120017,Capixaba
57,12,Acre,120020,Cruzeiro do Sul
58,12,Acre,120025,Epitaciolândia
59,12,Acre,120030,Feijó
60,12,Acre,120032,Jordão
61,12,Acre,120033,Mâncio Lima
62,12,Acre,120034,Manoel Urbano
63,12,Acre,120035,Marechal Thaumaturgo
64,12,Acre,120038,Plácido de Castro
65,12,Acre,120080,Porto Acre
66,12,Acre,120039,Porto Walter
67,12,Acre,120040,Rio Branco
68,12,Acre,120042,Rodrigues Alves
69,12,Acre,120043,Santa Rosa do Purus
70,12,Acre,120050,Sena Madureira
71,12,Acre,120045,Senador Guiomard
72,12,Acre,120060,Tarauacá
73,12,Acre,120070,Xapuri
74,13,Amazonas,130002,Alvarães
75,13,Amazonas,130006,Amaturá
76,13,Amazonas,130008,Anamã
77,13,Amazonas,130010,Anori
78,13,Amazonas,130014,Apuí
79,13,Amazonas,130020,Atalaia do Norte
80,13,Amazonas,130030,Autazes
81,13,Amazonas,130040,Barcelos
82,13,Amazonas,130050,Barreirinha
83,13,Amazonas,130060,Benjamin Constant
84,13,Amazonas,130063,Beruri
85,13,Amazonas,130068,Boa Vista do Ramos
86,13,Amazonas,130070,Boca do Acre
87,13,Amazonas,130080,Borba
88,13,Amazonas,130083,Caapiranga
89,13,Amazonas,130090,Canutama
90,13,Amazonas,130100,Carauari
91,13,Amazonas,130110,Careiro
92,13,Amazonas,130115,Careiro da Várzea
93,13,Amazonas,130120,Coari
94,13,Amazonas,130130,Codajás
95,13,Amazonas,130140,Eirunepé
96,13,Amazonas,130150,Envira
97,13,Amazonas,130160,Fonte Boa
98,13,Amazonas,130165,Guajará
99,13,Amazonas,130170,Humaitá
100,13,Amazonas,130180,Ipixuna
101,13,Amazonas,130185,Iranduba
102,13,Amazonas,130190,Itacoatiara
103,13,Amazonas,130195,Itamarati
104,13,Amazonas,130200,Itapiranga
105,13,Amazonas,130210,Japurá
106,13,Amazonas,130220,Juruá
107,13,Amazonas,130230,Jutaí
108,13,Amazonas,130240,Lábrea
109,13,Amazonas,130250,Manacapuru
110,13,Amazonas,130255,Manaquiri
111,13,Amazonas,130260,Manaus
112,13,Amazonas,130270,Manicoré
113,13,Amazonas,130280,Maraã
114,13,Amazonas,130290,Maués
115,13,Amazonas,130300,Nhamundá
116,13,Amazonas,130310,Nova Olinda do Norte
117,13,Amazonas,130320,Novo Airão
118,13,Amazonas,130330,Novo Aripuanã
119,13,Amazonas,130340,Parintins
120,13,Amazonas,130350,Pauini
121,13,Amazonas,130353,Presidente Figueiredo
122,13,Amazonas,130356,Rio Preto da Eva
123,13,Amazonas,130360,Santa Isabel do Rio Negro
124,13,Amazonas,130370,Santo Antônio do Içá
125,13,Amazonas,130380,São Gabriel da Cachoeira
126,13,Amazonas,130390,São Paulo de Olivença
127,13,Amazonas,130395,São Sebastião do Uatumã
128,13,Amazonas,130400,Silves
129,13,Amazonas,130406,Tabatinga
130,13,Amazonas,130410,Tapauá
131,13,Amazonas,130420,Tefé
132,13,Amazonas,130423,Tonantins
133,13,Amazonas,130426,Uarini
134,13,Amazonas,130430,Urucará
135,13,Amazonas,130440,Urucurituba
136,14,Roraima,140005,Alto Alegre
137,14,Roraima,140002,Amajari
138,14,Roraima,140010,Boa Vista
139,14,Roraima,140015,Bonfim
140,14,Roraima,140017,Cantá
141,14,Roraima,140020,Caracaraí
142,14,Roraima,140023,Caroebe
143,14,Roraima,140028,Iracema
144,14,Roraima,140030,Mucajaí
145,14,Roraima,140040,Normandia
146,14,Roraima,140045,Pacaraima
147,14,Roraima,140047,Rorainópolis
148,14,Roraima,140050,São João da Baliza
149,14,Roraima,140060,São Luiz do Anauá
150,14,Roraima,140070,Uiramutã
151,15,Pará,150010,Abaetetuba
152,15,Pará,150013,Abel Figueiredo
153,15,Pará,150020,Acará
154,15,Pará,150030,Afuá
155,15,Pará,150034,Água Azul do Norte
156,15,Pará,150040,Alenquer
157,15,Pará,150050,Almeirim
158,15,Pará,150060,Altamira
159,15,Pará,150070,Anajás
160,15,Pará,150080,Ananindeua
161,15,Pará,150085,Anapu
162,15,Pará,150090,Augusto Corrêa
163,15,Pará,150095,Aurora do Pará
164,15,Pará,150100,Aveiro
165,15,Pará,150110,Bagre
166,15,Pará,150120,Baião
167,15,Pará,150125,Bannach
168,15,Pará,150130,Barcarena
169,15,Pará,150140,Belém
170,15,Pará,150145,Belterra
171,15,Pará,150150,Benevides
172,15,Pará,150157,Bom Jesus do Tocantins
173,15,Pará,150160,Bonito
174,15,Pará,150170,Bragança
175,15,Pará,150172,Brasil Novo
176,15,Pará,150175,Brejo Grande do Araguaia
177,15,Pará,150178,Breu Branco
178,15,Pará,150180,Breves
179,15,Pará,150190,Bujaru
180,15,Pará,150200,Cachoeira do Arari
181,15,Pará,150195,Cachoeira do Piriá
182,15,Pará,150210,Cametá
183,15,Pará,150215,Canaã dos Carajás
184,15,Pará,150220,Capanema
185,15,Pará,150230,Capitão Poço
186,15,Pará,150240,Castanhal
187,15,Pará,150250,Chaves
188,15,Pará,150260,Colares
189,15,Pará,150270,Conceição do Araguaia
190,15,Pará,150275,Concórdia do Pará
191,15,Pará,150276,Cumaru do Norte
192,15,Pará,150277,Curionópolis
193,15,Pará,150280,Curralinho
194,15,Pará,150285,Curuá
195,15,Pará,150290,Curuçá
196,15,Pará,150293,Dom Eliseu
197,15,Pará,150295,Eldorado do Carajás
198,15,Pará,150300,Faro
199,15,Pará,150304,Floresta do Araguaia
200,15,Pará,150307,Garrafão do Norte
201,15,Pará,150309,Goianésia do Pará
202,15,Pará,150310,Gurupá
203,15,Pará,150320,Igarapé-Açu
204,15,Pará,150330,Igarapé-Miri
205,15,Pará,150340,Inhangapi
206,15,Pará,150345,Ipixuna do Pará
207,15,Pará,150350,Irituia
208,15,Pará,150360,Itaituba
209,15,Pará,150370,Itupiranga
210,15,Pará,150375,Jacareacanga
211,15,Pará,150380,Jacundá
212,15,Pará,150390,Juruti
213,15,Pará,150400,Limoeiro do Ajuru
214,15,Pará,150405,Mãe do Rio
215,15,Pará,150410,Magalhães Barata
216,15,Pará,150420,Marabá
217,15,Pará,150430,Maracanã
218,15,Pará,150440,Marapanim
219,15,Pará,150442,Marituba
220,15,Pará,150445,Medicilândia
221,15,Pará,150450,Melgaço
222,15,Pará,150460,Mocajuba
223,15,Pará,150470,Moju
224,15,Pará,150475,Mojuí dos Campos
225,15,Pará,150480,Monte Alegre
226,15,Pará,150490,Muaná
227,15,Pará,150495,Nova Esperança do Piriá
228,15,Pará,150497,Nova Ipixuna
229,15,Pará,150500,Nova Timboteua
230,15,Pará,150503,Novo Progresso
231,15,Pará,150506,Novo Repartimento
232,15,Pará,150510,Óbidos
233,15,Pará,150520,Oeiras do Pará
234,15,Pará,150530,Oriximiná
235,15,Pará,150540,Ourém
236,15,Pará,150543,Ourilândia do Norte
237,15,Pará,150548,Pacajá
238,15,Pará,150549,Palestina do Pará
239,15,Pará,150550,Paragominas
240,15,Pará,150553,Parauapebas
241,15,Pará,150555,Pau D'Arco
242,15,Pará,150560,Peixe-Boi
243,15,Pará,150563,Piçarra
244,15,Pará,150565,Placas
245,15,Pará,150570,Ponta de Pedras
246,15,Pará,150580,Portel
247,15,Pará,150590,Porto de Moz
248,15,Pará,150600,Prainha
249,15,Pará,150610,Primavera
250,15,Pará,150611,Quatipuru
251,15,Pará,150613,Redenção
252,15,Pará,150616,Rio Maria
253,15,Pará,150618,Rondon do Pará
254,15,Pará,150619,Rurópolis
255,15,Pará,150620,Salinópolis
256,15,Pará,150630,Salvaterra
257,15,Pará,150635,Santa Bárbara do Pará
258,15,Pará,150640,Santa Cruz do Arari
259,15,Pará,150650,Santa Izabel do Pará
260,15,Pará,150655,Santa Luzia do Pará
261,15,Pará,150658,Santa Maria das Barreiras
262,15,Pará,150660,Santa Maria do Pará
263,15,Pará,150670,Santana do Araguaia
264,15,Pará,150680,Santarém
265,15,Pará,150690,Santarém Novo
266,15,Pará,150700,Santo Antônio do Tauá
267,15,Pará,150710,São Caetano de Odivelas
268,15,Pará,150715,São Domingos do Araguaia
269,15,Pará,150720,São Domingos do Capim
270,15,Pará,150730,São Félix do Xingu
271,15,Pará,150740,São Francisco do Pará
272,15,Pará,150745,São Geraldo do Araguaia
273,15,Pará,150746,São João da Ponta
274,15,Pará,150747,São João de Pirabas
275,15,Pará,150750,São João do Araguaia
276,15,Pará,150760,São Miguel do Guamá
277,15,Pará,150770,São Sebastião da Boa Vista
278,15,Pará,150775,Sapucaia
279,15,Pará,150780,Senador José Porfírio
280,15,Pará,150790,Soure
281,15,Pará,150795,Tailândia
282,15,Pará,150796,Terra Alta
283,15,Pará,150797,Terra Santa
284,15,Pará,150800,Tomé-Açu
285,15,Pará,150803,Tracuateua
286,15,Pará,150805,Trairão
287,15,Pará,150808,Tucumã
288,15,Pará,150810,Tucuruí
289,15,Pará,150812,Ulianópolis
290,15,Pará,150815,Uruará
291,15,Pará,150820,Vigia
292,15,Pará,150830,Viseu
293,15,Pará,150835,Vitória do Xingu
294,15,Pará,150840,Xinguara
295,16,Amapá,160010,Amapá
296,16,Amapá,160020,Calçoene
297,16,Amapá,160021,Cutias
298,16,Amapá,160023,Ferreira Gomes
299,16,Amapá,160025,Itaubal
300,16,Amapá,160027,Laranjal do Jari
301,16,Amapá,160030,Macapá
302,16,Amapá,160040,Mazagão
303,16,Amapá,160050,Oiapoque
304,16,Amapá,160015,Pedra Branca do Amapari
305,16,Amapá,160053,Porto Grande
306,16,Amapá,160055,Pracuúba
307,16,Amapá,160060,Santana
308,16,Amapá,160005,Serra do Navio
309,16,Amapá,160070,Tartarugalzinho
310,16,Amapá,160080,Vitória do Jari
311,17,Tocantins,170025,Abreulândia
312,17,Tocantins,170030,Aguiarnópolis
313,17,Tocantins,170035,Aliança do Tocantins
314,17,Tocantins,170040,Almas
315,17,Tocantins,170070,Alvorada
316,17,Tocantins,170100,Ananás
317,17,Tocantins,170105,Angico
318,17,Tocantins,170110,Aparecida do Rio Negro
319,17,Tocantins,170130,Aragominas
320,17,Tocantins,170190,Araguacema
321,17,Tocantins,170200,Araguaçu
322,17,Tocantins,170210,Araguaína
323,17,Tocantins,170215,Araguanã
324,17,Tocantins,170220,Araguatins
325,17,Tocantins,170230,Arapoema
326,17,Tocantins,170240,Arraias
327,17,Tocantins,170255,Augustinópolis
328,17,Tocantins,170270,Aurora do Tocantins
329,17,Tocantins,170290,Axixá do Tocantins
330,17,Tocantins,170300,Babaçulândia
331,17,Tocantins,170305,Bandeirantes do Tocantins
332,17,Tocantins,170307,Barra do Ouro
333,17,Tocantins,170310,Barrolândia
334,17,Tocantins,170320,Bernardo Sayão
335,17,Tocantins,170330,Bom Jesus do Tocantins
336,17,Tocantins,170360,Brasilândia do Tocantins
337,17,Tocantins,170370,Brejinho de Nazaré
338,17,Tocantins,170380,Buriti do Tocantins
339,17,Tocantins,170382,Cachoeirinha
340,17,Tocantins,170384,Campos Lindos
341,17,Tocantins,170386,Cariri do Tocantins
342,17,Tocantins,170388,Carmolândia
343,17,Tocantins,170389,Carrasco Bonito
344,17,Tocantins,170390,Caseara
345,17,Tocantins,170410,Centenário
346,17,Tocantins,170510,Chapada da Natividade
347,17,Tocantins,170460,Chapada de Areia
348,17,Tocantins,170550,Colinas do Tocantins
349,17,Tocantins,171670,Colméia
350,17,Tocantins,170555,Combinado
351,17,Tocantins,170560,Conceição do Tocantins
352,17,Tocantins,170600,Couto Magalhães
353,17,Tocantins,170610,Cristalândia
354,17,Tocantins,170625,Crixás do Tocantins
355,17,Tocantins,170650,Darcinópolis
356,17,Tocantins,170700,Dianópolis
357,17,Tocantins,170710,Divinópolis do Tocantins
358,17,Tocantins,170720,Dois Irmãos do Tocantins
359,17,Tocantins,170730,Dueré
360,17,Tocantins,170740,Esperantina
361,17,Tocantins,170755,Fátima
362,17,Tocantins,170765,Figueirópolis
363,17,Tocantins,170770,Filadélfia
364,17,Tocantins,170820,Formoso do Araguaia
365,17,Tocantins,170830,Goianorte
366,17,Tocantins,170900,Goiatins
367,17,Tocantins,170930,Guaraí
368,17,Tocantins,170950,Gurupi
369,17,Tocantins,170980,Ipueiras
370,17,Tocantins,171050,Itacajá
371,17,Tocantins,171070,Itaguatins
372,17,Tocantins,171090,Itapiratins
373,17,Tocantins,171110,Itaporã do Tocantins
374,17,Tocantins,171150,Jaú do Tocantins
375,17,Tocantins,171180,Juarina
376,17,Tocantins,171190,Lagoa da Confusão
377,17,Tocantins,171195,Lagoa do Tocantins
378,17,Tocantins,171200,Lajeado
379,17,Tocantins,171215,Lavandeira
380,17,Tocantins,171240,Lizarda
381,17,Tocantins,171245,Luzinópolis
382,17,Tocantins,171250,Marianópolis do Tocantins
383,17,Tocantins,171270,Mateiros
384,17,Tocantins,171280,Maurilândia do Tocantins
385,17,Tocantins,171320,Miracema do Tocantins
386,17,Tocantins,171330,Miranorte
387,17,Tocantins,171360,Monte do Carmo
388,17,Tocantins,171370,Monte Santo do Tocantins
389,17,Tocantins,171395,Muricilândia
390,17,Tocantins,171420,Natividade
391,17,Tocantins,171430,Nazaré
392,17,Tocantins,171488,Nova Olinda
393,17,Tocantins,171500,Nova Rosalândia
394,17,Tocantins,171510,Novo Acordo
395,17,Tocantins,171515,Novo Alegre
396,17,Tocantins,171525,Novo Jardim
397,17,Tocantins,171550,Oliveira de Fátima
398,17,Tocantins,172100,Palmas
399,17,Tocantins,171570,Palmeirante
400,17,Tocantins,171380,Palmeiras do Tocantins
401,17,Tocantins,171575,Palmeirópolis
402,17,Tocantins,171610,Paraíso do Tocantins
403,17,Tocantins,171620,Paranã
404,17,Tocantins,171630,Pau D'Arco
405,17,Tocantins,171650,Pedro Afonso
406,17,Tocantins,171660,Peixe
407,17,Tocantins,171665,Pequizeiro
408,17,Tocantins,171700,Pindorama do Tocantins
409,17,Tocantins,171720,Piraquê
410,17,Tocantins,171750,Pium
411,17,Tocantins,171780,Ponte Alta do Bom Jesus
412,17,Tocantins,171790,Ponte Alta do Tocantins
413,17,Tocantins,171800,Porto Alegre do Tocantins
414,17,Tocantins,171820,Porto Nacional
415,17,Tocantins,171830,Praia Norte
416,17,Tocantins,171840,Presidente Kennedy
417,17,Tocantins,171845,Pugmil
418,17,Tocantins,171850,Recursolândia
419,17,Tocantins,171855,Riachinho
420,17,Tocantins,171865,Rio da Conceição
421,17,Tocantins,171870,Rio dos Bois
422,17,Tocantins,171875,Rio Sono
423,17,Tocantins,171880,Sampaio
424,17,Tocantins,171884,Sandolândia
425,17,Tocantins,171886,Santa Fé do Araguaia
426,17,Tocantins,171888,Santa Maria do Tocantins
427,17,Tocantins,171889,Santa Rita do Tocantins
428,17,Tocantins,171890,Santa Rosa do Tocantins
429,17,Tocantins,171900,Santa Tereza do Tocantins
430,17,Tocantins,172000,Santa Terezinha do Tocantins
431,17,Tocantins,172010,São Bento do Tocantins
432,17,Tocantins,172015,São Félix do Tocantins
433,17,Tocantins,172020,São Miguel do Tocantins
434,17,Tocantins,172025,São Salvador do Tocantins
435,17,Tocantins,172030,São Sebastião do Tocantins
436,17,Tocantins,172049,São Valério
437,17,Tocantins,172065,Silvanópolis
438,17,Tocantins,172080,Sítio Novo do Tocantins
439,17,Tocantins,172085,Sucupira
440,17,Tocantins,170825,Tabocão
441,17,Tocantins,172090,Taguatinga
442,17,Tocantins,172093,Taipas do Tocantins
443,17,Tocantins,172097,Talismã
444,17,Tocantins,172110,Tocantínia
445,17,Tocantins,172120,Tocantinópolis
446,17,Tocantins,172125,Tupirama
447,17,Tocantins,172130,Tupiratins
448,17,Tocantins,172208,Wanderlândia
449,17,Tocantins,172210,Xambioá
450,21,Maranhão,210005,Açailândia
451,21,Maranhão,210010,Afonso Cunha
452,21,Maranhão,210015,Água Doce do Maranhão
453,21,Maranhão,210020,Alcântara
454,21,Maranhão,210030,Aldeias Altas
455,21,Maranhão,210040,Altamira do Maranhão
456,21,Maranhão,210043,Alto Alegre do Maranhão
457,21,Maranhão,210047,Alto Alegre do Pindaré
458,21,Maranhão,210050,Alto Parnaíba
459,21,Maranhão,210055,Amapá do Maranhão
460,21,Maranhão,210060,Amarante do Maranhão
461,21,Maranhão,210070,Anajatuba
462,21,Maranhão,210080,Anapurus
463,21,Maranhão,210083,Apicum-Açu
464,21,Maranhão,210087,Araguanã
465,21,Maranhão,210090,Araioses
466,21,Maranhão,210095,Arame
467,21,Maranhão,210100,Arari
468,21,Maranhão,210110,Axixá
469,21,Maranhão,210120,Bacabal
470,21,Maranhão,210125,Bacabeira
471,21,Maranhão,210130,Bacuri
472,21,Maranhão,210135,Bacurituba
473,21,Maranhão,210140,Balsas
474,21,Maranhão,210150,Barão de Grajaú
475,21,Maranhão,210160,Barra do Corda
476,21,Maranhão,210170,Barreirinhas
477,21,Maranhão,210177,Bela Vista do Maranhão
478,21,Maranhão,210173,Belágua
479,21,Maranhão,210180,Benedito Leite
480,21,Maranhão,210190,Bequimão
481,21,Maranhão,210193,Bernardo do Mearim
482,21,Maranhão,210197,Boa Vista do Gurupi
483,21,Maranhão,210200,Bom Jardim
484,21,Maranhão,210203,Bom Jesus das Selvas
485,21,Maranhão,210207,Bom Lugar
486,21,Maranhão,210210,Brejo
487,21,Maranhão,210215,Brejo de Areia
488,21,Maranhão,210220,Buriti
489,21,Maranhão,210230,Buriti Bravo
490,21,Maranhão,210232,Buriticupu
491,21,Maranhão,210235,Buritirana
492,21,Maranhão,210237,Cachoeira Grande
493,21,Maranhão,210240,Cajapió
494,21,Maranhão,210250,Cajari
495,21,Maranhão,210255,Campestre do Maranhão
496,21,Maranhão,210260,Cândido Mendes
497,21,Maranhão,210270,Cantanhede
498,21,Maranhão,210275,Capinzal do Norte
499,21,Maranhão,210280,Carolina
500,21,Maranhão,210290,Carutapera
501,21,Maranhão,210300,Caxias
502,21,Maranhão,210310,Cedral
503,21,Maranhão,210312,Central do Maranhão
504,21,Maranhão,210315,Centro do Guilherme
505,21,Maranhão,210317,Centro Novo do Maranhão
506,21,Maranhão,210320,Chapadinha
507,21,Maranhão,210325,Cidelândia
508,21,Maranhão,210330,Codó
509,21,Maranhão,210340,Coelho Neto
510,21,Maranhão,210350,Colinas
511,21,Maranhão,210355,Conceição do Lago-Açu
512,21,Maranhão,210360,Coroatá
513,21,Maranhão,210370,Cururupu
514,21,Maranhão,210375,Davinópolis
515,21,Maranhão,210380,Dom Pedro
516,21,Maranhão,210390,Duque Bacelar
517,21,Maranhão,210400,Esperantinópolis
518,21,Maranhão,210405,Estreito
519,21,Maranhão,210407,Feira Nova do Maranhão
520,21,Maranhão,210408,Fernando Falcão
521,21,Maranhão,210409,Formosa da Serra Negra
522,21,Maranhão,210410,Fortaleza dos Nogueiras
523,21,Maranhão,210420,Fortuna
524,21,Maranhão,210430,Godofredo Viana
525,21,Maranhão,210440,Gonçalves Dias
526,21,Maranhão,210450,Governador Archer
527,21,Maranhão,210455,Governador Edison Lobão
528,21,Maranhão,210460,Governador Eugênio Barros
529,21,Maranhão,210462,Governador Luiz Rocha
530,21,Maranhão,210465,Governador Newton Bello
531,21,Maranhão,210467,Governador Nunes Freire
532,21,Maranhão,210470,Graça Aranha
533,21,Maranhão,210480,Grajaú
534,21,Maranhão,210490,Guimarães
535,21,Maranhão,210500,Humberto de Campos
536,21,Maranhão,210510,Icatu
537,21,Maranhão,210515,Igarapé do Meio
538,21,Maranhão,210520,Igarapé Grande
539,21,Maranhão,210530,Imperatriz
540,21,Maranhão,210535,Itaipava do Grajaú
541,21,Maranhão,210540,Itapecuru Mirim
542,21,Maranhão,210542,Itinga do Maranhão
543,21,Maranhão,210545,Jatobá
544,21,Maranhão,210547,Jenipapo dos Vieiras
545,21,Maranhão,210550,João Lisboa
546,21,Maranhão,210560,Joselândia
547,21,Maranhão,210565,Junco do Maranhão
548,21,Maranhão,210570,Lago da Pedra
549,21,Maranhão,210580,Lago do Junco
550,21,Maranhão,210594,Lago dos Rodrigues
551,21,Maranhão,210590,Lago Verde
552,21,Maranhão,210592,Lagoa do Mato
553,21,Maranhão,210596,Lagoa Grande do Maranhão
554,21,Maranhão,210598,Lajeado Novo
555,21,Maranhão,210600,Lima Campos
556,21,Maranhão,210610,Loreto
557,21,Maranhão,210620,Luís Domingues
558,21,Maranhão,210630,Magalhães de Almeida
559,21,Maranhão,210632,Maracaçumé
560,21,Maranhão,210635,Marajá do Sena
561,21,Maranhão,210637,Maranhãozinho
562,21,Maranhão,210640,Mata Roma
563,21,Maranhão,210650,Matinha
564,21,Maranhão,210660,Matões
565,21,Maranhão,210663,Matões do Norte
566,21,Maranhão,210667,Milagres do Maranhão
567,21,Maranhão,210670,Mirador
568,21,Maranhão,210675,Miranda do Norte
569,21,Maranhão,210680,Mirinzal
570,21,Maranhão,210690,Monção
571,21,Maranhão,210700,Montes Altos
572,21,Maranhão,210710,Morros
573,21,Maranhão,210720,Nina Rodrigues
574,21,Maranhão,210725,Nova Colinas
575,21,Maranhão,210730,Nova Iorque
576,21,Maranhão,210735,Nova Olinda do Maranhão
577,21,Maranhão,210740,Olho d'Água das Cunhãs
578,21,Maranhão,210745,Olinda Nova do Maranhão
579,21,Maranhão,210750,Paço do Lumiar
580,21,Maranhão,210760,Palmeirândia
581,21,Maranhão,210770,Paraibano
582,21,Maranhão,210780,Parnarama
583,21,Maranhão,210790,Passagem Franca
584,21,Maranhão,210800,Pastos Bons
585,21,Maranhão,210805,Paulino Neves
586,21,Maranhão,210810,Paulo Ramos
587,21,Maranhão,210820,Pedreiras
588,21,Maranhão,210825,Pedro do Rosário
589,21,Maranhão,210830,Penalva
590,21,Maranhão,210840,Peri Mirim
591,21,Maranhão,210845,Peritoró
592,21,Maranhão,210850,Pindaré-Mirim
593,21,Maranhão,210860,Pinheiro
594,21,Maranhão,210870,Pio XII
595,21,Maranhão,210880,Pirapemas
596,21,Maranhão,210890,Poção de Pedras
597,21,Maranhão,210900,Porto Franco
598,21,Maranhão,210905,Porto Rico do Maranhão
599,21,Maranhão,210910,Presidente Dutra
600,21,Maranhão,210920,Presidente Juscelino
601,21,Maranhão,210923,Presidente Médici
602,21,Maranhão,210927,Presidente Sarney
603,21,Maranhão,210930,Presidente Vargas
604,21,Maranhão,210940,Primeira Cruz
605,21,Maranhão,210945,Raposa
606,21,Maranhão,210950,Riachão
607,21,Maranhão,210955,Ribamar Fiquene
608,21,Maranhão,210960,Rosário
609,21,Maranhão,210970,Sambaíba
610,21,Maranhão,210975,Santa Filomena do Maranhão
611,21,Maranhão,210980,Santa Helena
612,21,Maranhão,210990,Santa Inês
613,21,Maranhão,211000,Santa Luzia
614,21,Maranhão,211003,Santa Luzia do Paruá
615,21,Maranhão,211010,Santa Quitéria do Maranhão
616,21,Maranhão,211020,Santa Rita
617,21,Maranhão,211023,Santana do Maranhão
618,21,Maranhão,211027,Santo Amaro do Maranhão
619,21,Maranhão,211030,Santo Antônio dos Lopes
620,21,Maranhão,211040,São Benedito do Rio Preto
621,21,Maranhão,211050,São Bento
622,21,Maranhão,211060,São Bernardo
623,21,Maranhão,211065,São Domingos do Azeitão
624,21,Maranhão,211070,São Domingos do Maranhão
625,21,Maranhão,211080,São Félix de Balsas
626,21,Maranhão,211085,São Francisco do Brejão
627,21,Maranhão,211090,São Francisco do Maranhão
628,21,Maranhão,211100,São João Batista
629,21,Maranhão,211102,São João do Carú
630,21,Maranhão,211105,São João do Paraíso
631,21,Maranhão,211107,São João do Soter
632,21,Maranhão,211110,São João dos Patos
633,21,Maranhão,211120,São José de Ribamar
634,21,Maranhão,211125,São José dos Basílios
635,21,Maranhão,211130,São Luís
636,21,Maranhão,211140,São Luís Gonzaga do Maranhão
637,21,Maranhão,211150,São Mateus do Maranhão
638,21,Maranhão,211153,São Pedro da Água Branca
639,21,Maranhão,211157,São Pedro dos Crentes
640,21,Maranhão,211160,São Raimundo das Mangabeiras
641,21,Maranhão,211163,São Raimundo do Doca Bezerra
642,21,Maranhão,211167,São Roberto
643,21,Maranhão,211170,São Vicente Ferrer
644,21,Maranhão,211172,Satubinha
645,21,Maranhão,211174,Senador Alexandre Costa
646,21,Maranhão,211176,Senador La Rocque
647,21,Maranhão,211178,Serrano do Maranhão
648,21,Maranhão,211180,Sítio Novo
649,21,Maranhão,211190,Sucupira do Norte
650,21,Maranhão,211195,Sucupira do Riachão
651,21,Maranhão,211200,Tasso Fragoso
652,21,Maranhão,211210,Timbiras
653,21,Maranhão,211220,Timon
654,21,Maranhão,211223,Trizidela do Vale
655,21,Maranhão,211227,Tufilândia
656,21,Maranhão,211230,Tuntum
657,21,Maranhão,211240,Turiaçu
658,21,Maranhão,211245,Turilândia
659,21,Maranhão,211250,Tutóia
660,21,Maranhão,211260,Urbano Santos
661,21,Maranhão,211270,Vargem Grande
662,21,Maranhão,211280,Viana
663,21,Maranhão,211285,Vila Nova dos Martírios
664,21,Maranhão,211290,Vitória do Mearim
665,21,Maranhão,211300,Vitorino Freire
666,21,Maranhão,211400,Zé Doca
667,22,Piauí,220005,Acauã
668,22,Piauí,220010,Agricolândia
669,22,Piauí,220020,Água Branca
670,22,Piauí,220025,Alagoinha do Piauí
671,22,Piauí,220027,Alegrete do Piauí
672,22,Piauí,220030,Alto Longá
673,22,Piauí,220040,Altos
674,22,Piauí,220045,Alvorada do Gurguéia
675,22,Piauí,220050,Amarante
676,22,Piauí,220060,Angical do Piauí
677,22,Piauí,220070,Anísio de Abreu
678,22,Piauí,220080,Antônio Almeida
679,22,Piauí,220090,Aroazes
680,22,Piauí,220095,Aroeiras do Itaim
681,22,Piauí,220100,Arraial
682,22,Piauí,220105,Assunção do Piauí
683,22,Piauí,220110,Avelino Lopes
684,22,Piauí,220115,Baixa Grande do Ribeiro
685,22,Piauí,220117,Barra D'Alcântara
686,22,Piauí,220120,Barras
687,22,Piauí,220130,Barreiras do Piauí
688,22,Piauí,220140,Barro Duro
689,22,Piauí,220150,Batalha
690,22,Piauí,220155,Bela Vista do Piauí
691,22,Piauí,220157,Belém do Piauí
692,22,Piauí,220160,Beneditinos
693,22,Piauí,220170,Bertolínia
694,22,Piauí,220173,Betânia do Piauí
695,22,Piauí,220177,Boa Hora
696,22,Piauí,220180,Bocaina
697,22,Piauí,220190,Bom Jesus
698,22,Piauí,220191,Bom Princípio do Piauí
699,22,Piauí,220192,Bonfim do Piauí
700,22,Piauí,220194,Boqueirão do Piauí
701,22,Piauí,220196,Brasileira
702,22,Piauí,220198,Brejo do Piauí
703,22,Piauí,220200,Buriti dos Lopes
704,22,Piauí,220202,Buriti dos Montes
705,22,Piauí,220205,Cabeceiras do Piauí
706,22,Piauí,220207,Cajazeiras do Piauí
707,22,Piauí,220208,Cajueiro da Praia
708,22,Piauí,220209,Caldeirão Grande do Piauí
709,22,Piauí,220210,Campinas do Piauí
710,22,Piauí,220211,Campo Alegre do Fidalgo
711,22,Piauí,220213,Campo Grande do Piauí
712,22,Piauí,220217,Campo Largo do Piauí
713,22,Piauí,220220,Campo Maior
714,22,Piauí,220225,Canavieira
715,22,Piauí,220230,Canto do Buriti
716,22,Piauí,220240,Capitão de Campos
717,22,Piauí,220245,Capitão Gervásio Oliveira
718,22,Piauí,220250,Caracol
719,22,Piauí,220253,Caraúbas do Piauí
720,22,Piauí,220255,Caridade do Piauí
721,22,Piauí,220260,Castelo do Piauí
722,22,Piauí,220265,Caxingó
723,22,Piauí,220270,Cocal
724,22,Piauí,220271,Cocal de Telha
725,22,Piauí,220272,Cocal dos Alves
726,22,Piauí,220273,Coivaras
727,22,Piauí,220275,Colônia do Gurguéia
728,22,Piauí,220277,Colônia do Piauí
729,22,Piauí,220280,Conceição do Canindé
730,22,Piauí,220285,Coronel José Dias
731,22,Piauí,220290,Corrente
732,22,Piauí,220300,Cristalândia do Piauí
733,22,Piauí,220310,Cristino Castro
734,22,Piauí,220320,Curimatá
735,22,Piauí,220323,Currais
736,22,Piauí,220327,Curral Novo do Piauí
737,22,Piauí,220325,Curralinhos
738,22,Piauí,220330,Demerval Lobão
739,22,Piauí,220335,Dirceu Arcoverde
740,22,Piauí,220340,Dom Expedito Lopes
741,22,Piauí,220345,Dom Inocêncio
742,22,Piauí,220342,Domingos Mourão
743,22,Piauí,220350,Elesbão Veloso
744,22,Piauí,220360,Eliseu Martins
745,22,Piauí,220370,Esperantina
746,22,Piauí,220375,Fartura do Piauí
747,22,Piauí,220380,Flores do Piauí
748,22,Piauí,220385,Floresta do Piauí
749,22,Piauí,220390,Floriano
750,22,Piauí,220400,Francinópolis
751,22,Piauí,220410,Francisco Ayres
752,22,Piauí,220415,Francisco Macedo
753,22,Piauí,220420,Francisco Santos
754,22,Piauí,220430,Fronteiras
755,22,Piauí,220435,Geminiano
756,22,Piauí,220440,Gilbués
757,22,Piauí,220450,Guadalupe
758,22,Piauí,220455,Guaribas
759,22,Piauí,220460,Hugo Napoleão
760,22,Piauí,220465,Ilha Grande
761,22,Piauí,220470,Inhuma
762,22,Piauí,220480,Ipiranga do Piauí
763,22,Piauí,220490,Isaías Coelho
764,22,Piauí,220500,Itainópolis
765,22,Piauí,220510,Itaueira
766,22,Piauí,220515,Jacobina do Piauí
767,22,Piauí,220520,Jaicós
768,22,Piauí,220525,Jardim do Mulato
769,22,Piauí,220527,Jatobá do Piauí
770,22,Piauí,220530,Jerumenha
771,22,Piauí,220535,João Costa
772,22,Piauí,220540,Joaquim Pires
773,22,Piauí,220545,Joca Marques
774,22,Piauí,220550,José de Freitas
775,22,Piauí,220551,Juazeiro do Piauí
776,22,Piauí,220552,Júlio Borges
777,22,Piauí,220553,Jurema
778,22,Piauí,220555,Lagoa Alegre
779,22,Piauí,220557,Lagoa de São Francisco
780,22,Piauí,220556,Lagoa do Barro do Piauí
781,22,Piauí,220558,Lagoa do Piauí
782,22,Piauí,220559,Lagoa do Sítio
783,22,Piauí,220554,Lagoinha do Piauí
784,22,Piauí,220560,Landri Sales
785,22,Piauí,220570,Luís Correia
786,22,Piauí,220580,Luzilândia
787,22,Piauí,220585,Madeiro
788,22,Piauí,220590,Manoel Emídio
789,22,Piauí,220595,Marcolândia
790,22,Piauí,220600,Marcos Parente
791,22,Piauí,220605,Massapê do Piauí
792,22,Piauí,220610,Matias Olímpio
793,22,Piauí,220620,Miguel Alves
794,22,Piauí,220630,Miguel Leão
795,22,Piauí,220635,Milton Brandão
796,22,Piauí,220640,Monsenhor Gil
797,22,Piauí,220650,Monsenhor Hipólito
798,22,Piauí,220660,Monte Alegre do Piauí
799,22,Piauí,220665,Morro Cabeça no Tempo
800,22,Piauí,220667,Morro do Chapéu do Piauí
801,22,Piauí,220669,Murici dos Portelas
802,22,Piauí,220670,Nazaré do Piauí
803,22,Piauí,220672,Nazária
804,22,Piauí,220675,Nossa Senhora de Nazaré
805,22,Piauí,220680,Nossa Senhora dos Remédios
806,22,Piauí,220795,Nova Santa Rita
807,22,Piauí,220690,Novo Oriente do Piauí
808,22,Piauí,220695,Novo Santo Antônio
809,22,Piauí,220700,Oeiras
810,22,Piauí,220710,Olho D'Água do Piauí
811,22,Piauí,220720,Padre Marcos
812,22,Piauí,220730,Paes Landim
813,22,Piauí,220735,Pajeú do Piauí
814,22,Piauí,220740,Palmeira do Piauí
815,22,Piauí,220750,Palmeirais
816,22,Piauí,220755,Paquetá
817,22,Piauí,220760,Parnaguá
818,22,Piauí,220770,Parnaíba
819,22,Piauí,220775,Passagem Franca do Piauí
820,22,Piauí,220777,Patos do Piauí
821,22,Piauí,220779,Pau D'Arco do Piauí
822,22,Piauí,220780,Paulistana
823,22,Piauí,220785,Pavussu
824,22,Piauí,220790,Pedro II
825,22,Piauí,220793,Pedro Laurentino
826,22,Piauí,220800,Picos
827,22,Piauí,220810,Pimenteiras
828,22,Piauí,220820,Pio IX
829,22,Piauí,220830,Piracuruca
830,22,Piauí,220840,Piripiri
831,22,Piauí,220850,Porto
832,22,Piauí,220855,Porto Alegre do Piauí
833,22,Piauí,220860,Prata do Piauí
834,22,Piauí,220865,Queimada Nova
835,22,Piauí,220870,Redenção do Gurguéia
836,22,Piauí,220880,Regeneração
837,22,Piauí,220885,Riacho Frio
838,22,Piauí,220887,Ribeira do Piauí
839,22,Piauí,220890,Ribeiro Gonçalves
840,22,Piauí,220900,Rio Grande do Piauí
841,22,Piauí,220910,Santa Cruz do Piauí
842,22,Piauí,220915,Santa Cruz dos Milagres
843,22,Piauí,220920,Santa Filomena
844,22,Piauí,220930,Santa Luz
845,22,Piauí,220937,Santa Rosa do Piauí
846,22,Piauí,220935,Santana do Piauí
847,22,Piauí,220940,Santo Antônio de Lisboa
848,22,Piauí,220945,Santo Antônio dos Milagres
849,22,Piauí,220950,Santo Inácio do Piauí
850,22,Piauí,220955,São Braz do Piauí
851,22,Piauí,220960,São Félix do Piauí
852,22,Piauí,220965,São Francisco de Assis do Piauí
853,22,Piauí,220970,São Francisco do Piauí
854,22,Piauí,220975,São Gonçalo do Gurguéia
855,22,Piauí,220980,São Gonçalo do Piauí
856,22,Piauí,220985,São João da Canabrava
857,22,Piauí,220987,São João da Fronteira
858,22,Piauí,220990,São João da Serra
859,22,Piauí,220995,São João da Varjota
860,22,Piauí,220997,São João do Arraial
861,22,Piauí,221000,São João do Piauí
862,22,Piauí,221005,São José do Divino
863,22,Piauí,221010,São José do Peixe
864,22,Piauí,221020,São José do Piauí
865,22,Piauí,221030,São Julião
866,22,Piauí,221035,São Lourenço do Piauí
867,22,Piauí,221037,São Luis do Piauí
868,22,Piauí,221038,São Miguel da Baixa Grande
869,22,Piauí,221039,São Miguel do Fidalgo
870,22,Piauí,221040,São Miguel do Tapuio
871,22,Piauí,221050,São Pedro do Piauí
872,22,Piauí,221060,São Raimundo Nonato
873,22,Piauí,221062,Sebastião Barros
874,22,Piauí,221063,Sebastião Leal
875,22,Piauí,221065,Sigefredo Pacheco
876,22,Piauí,221070,Simões
877,22,Piauí,221080,Simplício Mendes
878,22,Piauí,221090,Socorro do Piauí
879,22,Piauí,221093,Sussuapara
880,22,Piauí,221095,Tamboril do Piauí
881,22,Piauí,221097,Tanque do Piauí
882,22,Piauí,221100,Teresina
883,22,Piauí,221110,União
884,22,Piauí,221120,Uruçuí
885,22,Piauí,221130,Valença do Piauí
886,22,Piauí,221135,Várzea Branca
887,22,Piauí,221140,Várzea Grande
888,22,Piauí,221150,Vera Mendes
889,22,Piauí,221160,Vila Nova do Piauí
890,22,Piauí,221170,Wall Ferraz
891,23,Ceará,230010,Abaiara
892,23,Ceará,230015,Acarape
893,23,Ceará,230020,Acaraú
894,23,Ceará,230030,Acopiara
895,23,Ceará,230040,Aiuaba
896,23,Ceará,230050,Alcântaras
897,23,Ceará,230060,Altaneira
898,23,Ceará,230070,Alto Santo
899,23,Ceará,230075,Amontada
900,23,Ceará,230080,Antonina do Norte
901,23,Ceará,230090,Apuiarés
902,23,Ceará,230100,Aquiraz
903,23,Ceará,230110,Aracati
904,23,Ceará,230120,Aracoiaba
905,23,Ceará,230125,Ararendá
906,23,Ceará,230130,Araripe
907,23,Ceará,230140,Aratuba
908,23,Ceará,230150,Arneiroz
909,23,Ceará,230160,Assaré
910,23,Ceará,230170,Aurora
911,23,Ceará,230180,Baixio
912,23,Ceará,230185,Banabuiú
913,23,Ceará,230190,Barbalha
914,23,Ceará,230195,Barreira
915,23,Ceará,230200,Barro
916,23,Ceará,230205,Barroquinha
917,23,Ceará,230210,Baturité
918,23,Ceará,230220,Beberibe
919,23,Ceará,230230,Bela Cruz
920,23,Ceará,230240,Boa Viagem
921,23,Ceará,230250,Brejo Santo
922,23,Ceará,230260,Camocim
923,23,Ceará,230270,Campos Sales
924,23,Ceará,230280,Canindé
925,23,Ceará,230290,Capistrano
926,23,Ceará,230300,Caridade
927,23,Ceará,230310,Cariré
928,23,Ceará,230320,Caririaçu
929,23,Ceará,230330,Cariús
930,23,Ceará,230340,Carnaubal
931,23,Ceará,230350,Cascavel
932,23,Ceará,230360,Catarina
933,23,Ceará,230365,Catunda
934,23,Ceará,230370,Caucaia
935,23,Ceará,230380,Cedro
936,23,Ceará,230390,Chaval
937,23,Ceará,230393,Choró
938,23,Ceará,230395,Chorozinho
939,23,Ceará,230400,Coreaú
940,23,Ceará,230410,Crateús
941,23,Ceará,230420,Crato
942,23,Ceará,230423,Croatá
943,23,Ceará,230425,Cruz
944,23,Ceará,230426,Deputado Irapuan Pinheiro
945,23,Ceará,230427,Ereré
946,23,Ceará,230428,Eusébio
947,23,Ceará,230430,Farias Brito
948,23,Ceará,230435,Forquilha
949,23,Ceará,230440,Fortaleza
950,23,Ceará,230445,Fortim
951,23,Ceará,230450,Frecheirinha
952,23,Ceará,230460,General Sampaio
953,23,Ceará,230465,Graça
954,23,Ceará,230470,Granja
955,23,Ceará,230480,Granjeiro
956,23,Ceará,230490,Groaíras
957,23,Ceará,230495,Guaiúba
958,23,Ceará,230500,Guaraciaba do Norte
959,23,Ceará,230510,Guaramiranga
960,23,Ceará,230520,Hidrolândia
961,23,Ceará,230523,Horizonte
962,23,Ceará,230526,Ibaretama
963,23,Ceará,230530,Ibiapina
964,23,Ceará,230533,Ibicuitinga
965,23,Ceará,230535,Icapuí
966,23,Ceará,230540,Icó
967,23,Ceará,230550,Iguatu
968,23,Ceará,230560,Independência
969,23,Ceará,230565,Ipaporanga
970,23,Ceará,230570,Ipaumirim
971,23,Ceará,230580,Ipu
972,23,Ceará,230590,Ipueiras
973,23,Ceará,230600,Iracema
974,23,Ceará,230610,Irauçuba
975,23,Ceará,230620,Itaiçaba
976,23,Ceará,230625,Itaitinga
977,23,Ceará,230630,Itapajé
978,23,Ceará,230640,Itapipoca
979,23,Ceará,230650,Itapiúna
980,23,Ceará,230655,Itarema
981,23,Ceará,230660,Itatira
982,23,Ceará,230670,Jaguaretama
983,23,Ceará,230680,Jaguaribara
984,23,Ceará,230690,Jaguaribe
985,23,Ceará,230700,Jaguaruana
986,23,Ceará,230710,Jardim
987,23,Ceará,230720,Jati
988,23,Ceará,230725,Jijoca de Jericoacoara
989,23,Ceará,230730,Juazeiro do Norte
990,23,Ceará,230740,Jucás
991,23,Ceará,230750,Lavras da Mangabeira
992,23,Ceará,230760,Limoeiro do Norte
993,23,Ceará,230763,Madalena
994,23,Ceará,230765,Maracanaú
995,23,Ceará,230770,Maranguape
996,23,Ceará,230780,Marco
997,23,Ceará,230790,Martinópole
998,23,Ceará,230800,Massapê
999,23,Ceará,230810,Mauriti
1000,23,Ceará,230820,Meruoca
1001,23,Ceará,230830,Milagres
1002,23,Ceará,230835,Milhã
1003,23,Ceará,230837,Miraíma
1004,23,Ceará,230840,Missão Velha
1005,23,Ceará,230850,Mombaça
1006,23,Ceará,230860,Monsenhor Tabosa
1007,23,Ceará,230870,Morada Nova
1008,23,Ceará,230880,Moraújo
1009,23,Ceará,230890,Morrinhos
1010,23,Ceará,230900,Mucambo
1011,23,Ceará,230910,Mulungu
1012,23,Ceará,230920,Nova Olinda
1013,23,Ceará,230930,Nova Russas
1014,23,Ceará,230940,Novo Oriente
1015,23,Ceará,230945,Ocara
1016,23,Ceará,230950,Orós
1017,23,Ceará,230960,Pacajus
1018,23,Ceará,230970,Pacatuba
1019,23,Ceará,230980,Pacoti
1020,23,Ceará,230990,Pacujá
1021,23,Ceará,231000,Palhano
1022,23,Ceará,231010,Palmácia
1023,23,Ceará,231020,Paracuru
1024,23,Ceará,231025,Paraipaba
1025,23,Ceará,231030,Parambu
1026,23,Ceará,231040,Paramoti
1027,23,Ceará,231050,Pedra Branca
1028,23,Ceará,231060,Penaforte
1029,23,Ceará,231070,Pentecoste
1030,23,Ceará,231080,Pereiro
1031,23,Ceará,231085,Pindoretama
1032,23,Ceará,231090,Piquet Carneiro
1033,23,Ceará,231095,Pires Ferreira
1034,23,Ceará,231100,Poranga
1035,23,Ceará,231110,Porteiras
1036,23,Ceará,231120,Potengi
1037,23,Ceará,231123,Potiretama
1038,23,Ceará,231126,Quiterianópolis
1039,23,Ceará,231130,Quixadá
1040,23,Ceará,231135,Quixelô
1041,23,Ceará,231140,Quixeramobim
1042,23,Ceará,231150,Quixeré
1043,23,Ceará,231160,Redenção
1044,23,Ceará,231170,Reriutaba
1045,23,Ceará,231180,Russas
1046,23,Ceará,231190,Saboeiro
1047,23,Ceará,231195,Salitre
1048,23,Ceará,231220,Santa Quitéria
1049,23,Ceará,231200,Santana do Acaraú
1050,23,Ceará,231210,Santana do Cariri
1051,23,Ceará,231230,São Benedito
1052,23,Ceará,231240,São Gonçalo do Amarante
1053,23,Ceará,231250,São João do Jaguaribe
1054,23,Ceará,231260,São Luís do Curu
1055,23,Ceará,231270,Senador Pompeu
1056,23,Ceará,231280,Senador Sá
1057,23,Ceará,231290,Sobral
1058,23,Ceará,231300,Solonópole
1059,23,Ceará,231310,Tabuleiro do Norte
1060,23,Ceará,231320,Tamboril
1061,23,Ceará,231325,Tarrafas
1062,23,Ceará,231330,Tauá
1063,23,Ceará,231335,Tejuçuoca
1064,23,Ceará,231340,Tianguá
1065,23,Ceará,231350,Trairi
1066,23,Ceará,231355,Tururu
1067,23,Ceará,231360,Ubajara
1068,23,Ceará,231370,Umari
1069,23,Ceará,231375,Umirim
1070,23,Ceará,231380,Uruburetama
1071,23,Ceará,231390,Uruoca
1072,23,Ceará,231395,Varjota
1073,23,Ceará,231400,Várzea Alegre
1074,23,Ceará,231410,Viçosa do Ceará
1075,24,Rio Grande do Norte,240010,Acari
1076,24,Rio Grande do Norte,240030,Afonso Bezerra
1077,24,Rio Grande do Norte,240040,Água Nova
1078,24,Rio Grande do Norte,240050,Alexandria
1079,24,Rio Grande do Norte,240060,Almino Afonso
1080,24,Rio Grande do Norte,240070,Alto do Rodrigues
1081,24,Rio Grande do Norte,240080,Angicos
1082,24,Rio Grande do Norte,240090,Antônio Martins
1083,24,Rio Grande do Norte,240100,Apodi
1084,24,Rio Grande do Norte,240110,Areia Branca
1085,24,Rio Grande do Norte,240120,Arez
1086,24,Rio Grande do Norte,240020,Assú
1087,24,Rio Grande do Norte,240140,Baía Formosa
1088,24,Rio Grande do Norte,240145,Baraúna
1089,24,Rio Grande do Norte,240150,Barcelona
1090,24,Rio Grande do Norte,240160,Bento Fernandes
1091,24,Rio Grande do Norte,240165,Bodó
1092,24,Rio Grande do Norte,240170,Bom Jesus
1093,24,Rio Grande do Norte,240180,Brejinho
1094,24,Rio Grande do Norte,240185,Caiçara do Norte
1095,24,Rio Grande do Norte,240190,Caiçara do Rio do Vento
1096,24,Rio Grande do Norte,240200,Caicó
1097,24,Rio Grande do Norte,240130,Campo Grande
1098,24,Rio Grande do Norte,240210,Campo Redondo
1099,24,Rio Grande do Norte,240220,Canguaretama
1100,24,Rio Grande do Norte,240230,Caraúbas
1101,24,Rio Grande do Norte,240240,Carnaúba dos Dantas
1102,24,Rio Grande do Norte,240250,Carnaubais
1103,24,Rio Grande do Norte,240260,Ceará-Mirim
1104,24,Rio Grande do Norte,240270,Cerro Corá
1105,24,Rio Grande do Norte,240280,Coronel Ezequiel
1106,24,Rio Grande do Norte,240290,Coronel João Pessoa
1107,24,Rio Grande do Norte,240300,Cruzeta
1108,24,Rio Grande do Norte,240310,Currais Novos
1109,24,Rio Grande do Norte,240320,Doutor Severiano
1110,24,Rio Grande do Norte,240330,Encanto
1111,24,Rio Grande do Norte,240340,Equador
1112,24,Rio Grande do Norte,240350,Espírito Santo
1113,24,Rio Grande do Norte,240360,Extremoz
1114,24,Rio Grande do Norte,240370,Felipe Guerra
1115,24,Rio Grande do Norte,240375,Fernando Pedroza
1116,24,Rio Grande do Norte,240380,Florânia
1117,24,Rio Grande do Norte,240390,Francisco Dantas
1118,24,Rio Grande do Norte,240400,Frutuoso Gomes
1119,24,Rio Grande do Norte,240410,Galinhos
1120,24,Rio Grande do Norte,240420,Goianinha
1121,24,Rio Grande do Norte,240430,Governador Dix-Sept Rosado
1122,24,Rio Grande do Norte,240440,Grossos
1123,24,Rio Grande do Norte,240450,Guamaré
1124,24,Rio Grande do Norte,240460,Ielmo Marinho
1125,24,Rio Grande do Norte,240470,Ipanguaçu
1126,24,Rio Grande do Norte,240480,Ipueira
1127,24,Rio Grande do Norte,240485,Itajá
1128,24,Rio Grande do Norte,240490,Itaú
1129,24,Rio Grande do Norte,240500,Jaçanã
1130,24,Rio Grande do Norte,240510,Jandaíra
1131,24,Rio Grande do Norte,240520,Janduís
1132,24,Rio Grande do Norte,240530,Januário Cicco
1133,24,Rio Grande do Norte,240540,Japi
1134,24,Rio Grande do Norte,240550,Jardim de Angicos
1135,24,Rio Grande do Norte,240560,Jardim de Piranhas
1136,24,Rio Grande do Norte,240570,Jardim do Seridó
1137,24,Rio Grande do Norte,240580,João Câmara
1138,24,Rio Grande do Norte,240590,João Dias
1139,24,Rio Grande do Norte,240600,José da Penha
1140,24,Rio Grande do Norte,240610,Jucurutu
1141,24,Rio Grande do Norte,240615,Jundiá
1142,24,Rio Grande do Norte,240620,Lagoa d'Anta
1143,24,Rio Grande do Norte,240630,Lagoa de Pedras
1144,24,Rio Grande do Norte,240640,Lagoa de Velhos
1145,24,Rio Grande do Norte,240650,Lagoa Nova
1146,24,Rio Grande do Norte,240660,Lagoa Salgada
1147,24,Rio Grande do Norte,240670,Lajes
1148,24,Rio Grande do Norte,240680,Lajes Pintadas
1149,24,Rio Grande do Norte,240690,Lucrécia
1150,24,Rio Grande do Norte,240700,Luís Gomes
1151,24,Rio Grande do Norte,240710,Macaíba
1152,24,Rio Grande do Norte,240720,Macau
1153,24,Rio Grande do Norte,240725,Major Sales
1154,24,Rio Grande do Norte,240730,Marcelino Vieira
1155,24,Rio Grande do Norte,240740,Martins
1156,24,Rio Grande do Norte,240750,Maxaranguape
1157,24,Rio Grande do Norte,240760,Messias Targino
1158,24,Rio Grande do Norte,240770,Montanhas
1159,24,Rio Grande do Norte,240780,Monte Alegre
1160,24,Rio Grande do Norte,240790,Monte das Gameleiras
1161,24,Rio Grande do Norte,240800,Mossoró
1162,24,Rio Grande do Norte,240810,Natal
1163,24,Rio Grande do Norte,240820,Nísia Floresta
1164,24,Rio Grande do Norte,240830,Nova Cruz
1165,24,Rio Grande do Norte,240840,Olho d'Água do Borges
1166,24,Rio Grande do Norte,240850,Ouro Branco
1167,24,Rio Grande do Norte,240860,Paraná
1168,24,Rio Grande do Norte,240870,Paraú
1169,24,Rio Grande do Norte,240880,Parazinho
1170,24,Rio Grande do Norte,240890,Parelhas
1171,24,Rio Grande do Norte,240325,Parnamirim
1172,24,Rio Grande do Norte,240910,Passa e Fica
1173,24,Rio Grande do Norte,240920,Passagem
1174,24,Rio Grande do Norte,240930,Patu
1175,24,Rio Grande do Norte,240940,Pau dos Ferros
1176,24,Rio Grande do Norte,240950,Pedra Grande
1177,24,Rio Grande do Norte,240960,Pedra Preta
1178,24,Rio Grande do Norte,240970,Pedro Avelino
1179,24,Rio Grande do Norte,240980,Pedro Velho
1180,24,Rio Grande do Norte,240990,Pendências
1181,24,Rio Grande do Norte,241000,Pilões
1182,24,Rio Grande do Norte,241010,Poço Branco
1183,24,Rio Grande do Norte,241020,Portalegre
1184,24,Rio Grande do Norte,241025,Porto do Mangue
1185,24,Rio Grande do Norte,241040,Pureza
1186,24,Rio Grande do Norte,241050,Rafael Fernandes
1187,24,Rio Grande do Norte,241060,Rafael Godeiro
1188,24,Rio Grande do Norte,241070,Riacho da Cruz
1189,24,Rio Grande do Norte,241080,Riacho de Santana
1190,24,Rio Grande do Norte,241090,Riachuelo
1191,24,Rio Grande do Norte,240895,Rio do Fogo
1192,24,Rio Grande do Norte,241100,Rodolfo Fernandes
1193,24,Rio Grande do Norte,241110,Ruy Barbosa
1194,24,Rio Grande do Norte,241120,Santa Cruz
1195,24,Rio Grande do Norte,240933,Santa Maria
1196,24,Rio Grande do Norte,241140,Santana do Matos
1197,24,Rio Grande do Norte,241142,Santana do Seridó
1198,24,Rio Grande do Norte,241150,Santo Antônio
1199,24,Rio Grande do Norte,241160,São Bento do Norte
1200,24,Rio Grande do Norte,241170,São Bento do Trairí
1201,24,Rio Grande do Norte,241180,São Fernando
1202,24,Rio Grande do Norte,241190,São Francisco do Oeste
1203,24,Rio Grande do Norte,241200,São Gonçalo do Amarante
1204,24,Rio Grande do Norte,241210,São João do Sabugi
1205,24,Rio Grande do Norte,241220,São José de Mipibu
1206,24,Rio Grande do Norte,241230,São José do Campestre
1207,24,Rio Grande do Norte,241240,São José do Seridó
1208,24,Rio Grande do Norte,241250,São Miguel
1209,24,Rio Grande do Norte,241255,São Miguel do Gostoso
1210,24,Rio Grande do Norte,241260,São Paulo do Potengi
1211,24,Rio Grande do Norte,241270,São Pedro
1212,24,Rio Grande do Norte,241280,São Rafael
1213,24,Rio Grande do Norte,241290,São Tomé
1214,24,Rio Grande do Norte,241300,São Vicente
1215,24,Rio Grande do Norte,241310,Senador Elói de Souza
1216,24,Rio Grande do Norte,241320,Senador Georgino Avelino
1217,24,Rio Grande do Norte,241030,Serra Caiada
1218,24,Rio Grande do Norte,241330,Serra de São Bento
1219,24,Rio Grande do Norte,241335,Serra do Mel
1220,24,Rio Grande do Norte,241340,Serra Negra do Norte
1221,24,Rio Grande do Norte,241350,Serrinha
1222,24,Rio Grande do Norte,241355,Serrinha dos Pintos
1223,24,Rio Grande do Norte,241360,Severiano Melo
1224,24,Rio Grande do Norte,241370,Sítio Novo
1225,24,Rio Grande do Norte,241380,Taboleiro Grande
1226,24,Rio Grande do Norte,241390,Taipu
1227,24,Rio Grande do Norte,241400,Tangará
1228,24,Rio Grande do Norte,241410,Tenente Ananias
1229,24,Rio Grande do Norte,241415,Tenente Laurentino Cruz
1230,24,Rio Grande do Norte,241105,Tibau
1231,24,Rio Grande do Norte,241420,Tibau do Sul
1232,24,Rio Grande do Norte,241430,Timbaúba dos Batistas
1233,24,Rio Grande do Norte,241440,Touros
1234,24,Rio Grande do Norte,241445,Triunfo Potiguar
1235,24,Rio Grande do Norte,241450,Umarizal
1236,24,Rio Grande do Norte,241460,Upanema
1237,24,Rio Grande do Norte,241470,Várzea
1238,24,Rio Grande do Norte,241475,Venha-Ver
1239,24,Rio Grande do Norte,241480,Vera Cruz
1240,24,Rio Grande do Norte,241490,Viçosa
1241,24,Rio Grande do Norte,241500,Vila Flor
1242,25,Paraíba,250010,Água Branca
1243,25,Paraíba,250020,Aguiar
1244,25,Paraíba,250030,Alagoa Grande
1245,25,Paraíba,250040,Alagoa Nova
1246,25,Paraíba,250050,Alagoinha
1247,25,Paraíba,250053,Alcantil
1248,25,Paraíba,250057,Algodão de Jandaíra
1249,25,Paraíba,250060,Alhandra
1250,25,Paraíba,250073,Amparo
1251,25,Paraíba,250077,Aparecida
1252,25,Paraíba,250080,Araçagi
1253,25,Paraíba,250090,Arara
1254,25,Paraíba,250100,Araruna
1255,25,Paraíba,250110,Areia
1256,25,Paraíba,250115,Areia de Baraúnas
1257,25,Paraíba,250120,Areial
1258,25,Paraíba,250130,Aroeiras
1259,25,Paraíba,250135,Assunção
1260,25,Paraíba,250140,Baía da Traição
1261,25,Paraíba,250150,Bananeiras
1262,25,Paraíba,250153,Baraúna
1263,25,Paraíba,250160,Barra de Santa Rosa
1264,25,Paraíba,250157,Barra de Santana
1265,25,Paraíba,250170,Barra de São Miguel
1266,25,Paraíba,250180,Bayeux
1267,25,Paraíba,250190,Belém
1268,25,Paraíba,250200,Belém do Brejo do Cruz
1269,25,Paraíba,250205,Bernardino Batista
1270,25,Paraíba,250210,Boa Ventura
1271,25,Paraíba,250215,Boa Vista
1272,25,Paraíba,250220,Bom Jesus
1273,25,Paraíba,250230,Bom Sucesso
1274,25,Paraíba,250240,Bonito de Santa Fé
1275,25,Paraíba,250250,Boqueirão
1276,25,Paraíba,250270,Borborema
1277,25,Paraíba,250280,Brejo do Cruz
1278,25,Paraíba,250290,Brejo dos Santos
1279,25,Paraíba,250300,Caaporã
1280,25,Paraíba,250310,Cabaceiras
1281,25,Paraíba,250320,Cabedelo
1282,25,Paraíba,250330,Cachoeira dos Índios
1283,25,Paraíba,250340,Cacimba de Areia
1284,25,Paraíba,250350,Cacimba de Dentro
1285,25,Paraíba,250355,Cacimbas
1286,25,Paraíba,250360,Caiçara
1287,25,Paraíba,250370,Cajazeiras
1288,25,Paraíba,250375,Cajazeirinhas
1289,25,Paraíba,250380,Caldas Brandão
1290,25,Paraíba,250390,Camalaú
1291,25,Paraíba,250400,Campina Grande
1292,25,Paraíba,250403,Capim
1293,25,Paraíba,250407,Caraúbas
1294,25,Paraíba,250410,Carrapateira
1295,25,Paraíba,250415,Casserengue
1296,25,Paraíba,250420,Catingueira
1297,25,Paraíba,250430,Catolé do Rocha
1298,25,Paraíba,250435,Caturité
1299,25,Paraíba,250440,Conceição
1300,25,Paraíba,250450,Condado
1301,25,Paraíba,250460,Conde
1302,25,Paraíba,250470,Congo
1303,25,Paraíba,250480,Coremas
1304,25,Paraíba,250485,Coxixola
1305,25,Paraíba,250490,Cruz do Espírito Santo
1306,25,Paraíba,250500,Cubati
1307,25,Paraíba,250510,Cuité
1308,25,Paraíba,250523,Cuité de Mamanguape
1309,25,Paraíba,250520,Cuitegi
1310,25,Paraíba,250527,Curral de Cima
1311,25,Paraíba,250530,Curral Velho
1312,25,Paraíba,250535,Damião
1313,25,Paraíba,250540,Desterro
1314,25,Paraíba,250560,Diamante
1315,25,Paraíba,250570,Dona Inês
1316,25,Paraíba,250580,Duas Estradas
1317,25,Paraíba,250590,Emas
1318,25,Paraíba,250600,Esperança
1319,25,Paraíba,250610,Fagundes
1320,25,Paraíba,250620,Frei Martinho
1321,25,Paraíba,250625,Gado Bravo
1322,25,Paraíba,250630,Guarabira
1323,25,Paraíba,250640,Gurinhém
1324,25,Paraíba,250650,Gurjão
1325,25,Paraíba,250660,Ibiara
1326,25,Paraíba,250260,Igaracy
1327,25,Paraíba,250670,Imaculada
1328,25,Paraíba,250680,Ingá
1329,25,Paraíba,250690,Itabaiana
1330,25,Paraíba,250700,Itaporanga
1331,25,Paraíba,250710,Itapororoca
1332,25,Paraíba,250720,Itatuba
1333,25,Paraíba,250730,Jacaraú
1334,25,Paraíba,250740,Jericó
1335,25,Paraíba,250750,João Pessoa
1336,25,Paraíba,251365,Joca Claudino
1337,25,Paraíba,250760,Juarez Távora
1338,25,Paraíba,250770,Juazeirinho
1339,25,Paraíba,250780,Junco do Seridó
1340,25,Paraíba,250790,Juripiranga
1341,25,Paraíba,250800,Juru
1342,25,Paraíba,250810,Lagoa
1343,25,Paraíba,250820,Lagoa de Dentro
1344,25,Paraíba,250830,Lagoa Seca
1345,25,Paraíba,250840,Lastro
1346,25,Paraíba,250850,Livramento
1347,25,Paraíba,250855,Logradouro
1348,25,Paraíba,250860,Lucena
1349,25,Paraíba,250870,Mãe d'Água
1350,25,Paraíba,250880,Malta
1351,25,Paraíba,250890,Mamanguape
1352,25,Paraíba,250900,Manaíra
1353,25,Paraíba,250905,Marcação
1354,25,Paraíba,250910,Mari
1355,25,Paraíba,250915,Marizópolis
1356,25,Paraíba,250920,Massaranduba
1357,25,Paraíba,250930,Mataraca
1358,25,Paraíba,250933,Matinhas
1359,25,Paraíba,250937,Mato Grosso
1360,25,Paraíba,250939,Maturéia
1361,25,Paraíba,250940,Mogeiro
1362,25,Paraíba,250950,Montadas
1363,25,Paraíba,250960,Monte Horebe
1364,25,Paraíba,250970,Monteiro
1365,25,Paraíba,250980,Mulungu
1366,25,Paraíba,250990,Natuba
1367,25,Paraíba,251000,Nazarezinho
1368,25,Paraíba,251010,Nova Floresta
1369,25,Paraíba,251020,Nova Olinda
1370,25,Paraíba,251030,Nova Palmeira
1371,25,Paraíba,251040,Olho d'Água
1372,25,Paraíba,251050,Olivedos
1373,25,Paraíba,251060,Ouro Velho
1374,25,Paraíba,251065,Parari
1375,25,Paraíba,251070,Passagem
1376,25,Paraíba,251080,Patos
1377,25,Paraíba,251090,Paulista
1378,25,Paraíba,251100,Pedra Branca
1379,25,Paraíba,251110,Pedra Lavrada
1380,25,Paraíba,251120,Pedras de Fogo
1381,25,Paraíba,251272,Pedro Régis
1382,25,Paraíba,251130,Piancó
1383,25,Paraíba,251140,Picuí
1384,25,Paraíba,251150,Pilar
1385,25,Paraíba,251160,Pilões
1386,25,Paraíba,251170,Pilõezinhos
1387,25,Paraíba,251180,Pirpirituba
1388,25,Paraíba,251190,Pitimbu
1389,25,Paraíba,251200,Pocinhos
1390,25,Paraíba,251203,Poço Dantas
1391,25,Paraíba,251207,Poço de José de Moura
1392,25,Paraíba,251210,Pombal
1393,25,Paraíba,251220,Prata
1394,25,Paraíba,251230,Princesa Isabel
1395,25,Paraíba,251240,Puxinanã
1396,25,Paraíba,251250,Queimadas
1397,25,Paraíba,251260,Quixaba
1398,25,Paraíba,251270,Remígio
1399,25,Paraíba,251274,Riachão
1400,25,Paraíba,251275,Riachão do Bacamarte
1401,25,Paraíba,251276,Riachão do Poço
1402,25,Paraíba,251278,Riacho de Santo Antônio
1403,25,Paraíba,251280,Riacho dos Cavalos
1404,25,Paraíba,251290,Rio Tinto
1405,25,Paraíba,251300,Salgadinho
1406,25,Paraíba,251310,Salgado de São Félix
1407,25,Paraíba,251315,Santa Cecília
1408,25,Paraíba,251320,Santa Cruz
1409,25,Paraíba,251330,Santa Helena
1410,25,Paraíba,251335,Santa Inês
1411,25,Paraíba,251340,Santa Luzia
1412,25,Paraíba,251370,Santa Rita
1413,25,Paraíba,251380,Santa Teresinha
1414,25,Paraíba,251350,Santana de Mangueira
1415,25,Paraíba,251360,Santana dos Garrotes
1416,25,Paraíba,251385,Santo André
1417,25,Paraíba,251392,São Bentinho
1418,25,Paraíba,251390,São Bento
1419,25,Paraíba,251396,São Domingos
1420,25,Paraíba,251394,São Domingos do Cariri
1421,25,Paraíba,251398,São Francisco
1422,25,Paraíba,251400,São João do Cariri
1423,25,Paraíba,250070,São João do Rio do Peixe
1424,25,Paraíba,251410,São João do Tigre
1425,25,Paraíba,251420,São José da Lagoa Tapada
1426,25,Paraíba,251430,São José de Caiana
1427,25,Paraíba,251440,São José de Espinharas
1428,25,Paraíba,251450,São José de Piranhas
1429,25,Paraíba,251455,São José de Princesa
1430,25,Paraíba,251460,São José do Bonfim
1431,25,Paraíba,251465,São José do Brejo do Cruz
1432,25,Paraíba,251470,São José do Sabugi
1433,25,Paraíba,251480,São José dos Cordeiros
1434,25,Paraíba,251445,São José dos Ramos
1435,25,Paraíba,251490,São Mamede
1436,25,Paraíba,251500,São Miguel de Taipu
1437,25,Paraíba,251510,São Sebastião de Lagoa de Roça
1438,25,Paraíba,251520,São Sebastião do Umbuzeiro
1439,25,Paraíba,251540,São Vicente do Seridó
1440,25,Paraíba,251530,Sapé
1441,25,Paraíba,251550,Serra Branca
1442,25,Paraíba,251560,Serra da Raiz
1443,25,Paraíba,251570,Serra Grande
1444,25,Paraíba,251580,Serra Redonda
1445,25,Paraíba,251590,Serraria
1446,25,Paraíba,251593,Sertãozinho
1447,25,Paraíba,251597,Sobrado
1448,25,Paraíba,251600,Solânea
1449,25,Paraíba,251610,Soledade
1450,25,Paraíba,251615,Sossêgo
1451,25,Paraíba,251620,Sousa
1452,25,Paraíba,251630,Sumé
1453,25,Paraíba,251640,Tacima
1454,25,Paraíba,251650,Taperoá
1455,25,Paraíba,251660,Tavares
1456,25,Paraíba,251670,Teixeira
1457,25,Paraíba,251675,Tenório
1458,25,Paraíba,251680,Triunfo
1459,25,Paraíba,251690,Uiraúna
1460,25,Paraíba,251700,Umbuzeiro
1461,25,Paraíba,251710,Várzea
1462,25,Paraíba,251720,Vieirópolis
1463,25,Paraíba,250550,Vista Serrana
1464,25,Paraíba,251740,Zabelê
1465,26,Pernambuco,260005,Abreu e Lima
1466,26,Pernambuco,260010,Afogados da Ingazeira
1467,26,Pernambuco,260020,Afrânio
1468,26,Pernambuco,260030,Agrestina
1469,26,Pernambuco,260040,Água Preta
1470,26,Pernambuco,260050,Águas Belas
1471,26,Pernambuco,260060,Alagoinha
1472,26,Pernambuco,260070,Aliança
1473,26,Pernambuco,260080,Altinho
1474,26,Pernambuco,260090,Amaraji
1475,26,Pernambuco,260100,Angelim
1476,26,Pernambuco,260105,Araçoiaba
1477,26,Pernambuco,260110,Araripina
1478,26,Pernambuco,260120,Arcoverde
1479,26,Pernambuco,260130,Barra de Guabiraba
1480,26,Pernambuco,260140,Barreiros
1481,26,Pernambuco,260150,Belém de Maria
1482,26,Pernambuco,260160,Belém do São Francisco
1483,26,Pernambuco,260170,Belo Jardim
1484,26,Pernambuco,260180,Betânia
1485,26,Pernambuco,260190,Bezerros
1486,26,Pernambuco,260200,Bodocó
1487,26,Pernambuco,260210,Bom Conselho
1488,26,Pernambuco,260220,Bom Jardim
1489,26,Pernambuco,260230,Bonito
1490,26,Pernambuco,260240,Brejão
1491,26,Pernambuco,260250,Brejinho
1492,26,Pernambuco,260260,Brejo da Madre de Deus
1493,26,Pernambuco,260270,Buenos Aires
1494,26,Pernambuco,260280,Buíque
1495,26,Pernambuco,260290,Cabo de Santo Agostinho
1496,26,Pernambuco,260300,Cabrobó
1497,26,Pernambuco,260310,Cachoeirinha
1498,26,Pernambuco,260320,Caetés
1499,26,Pernambuco,260330,Calçado
1500,26,Pernambuco,260340,Calumbi
1501,26,Pernambuco,260345,Camaragibe
1502,26,Pernambuco,260350,Camocim de São Félix
1503,26,Pernambuco,260360,Camutanga
1504,26,Pernambuco,260370,Canhotinho
1505,26,Pernambuco,260380,Capoeiras
1506,26,Pernambuco,260390,Carnaíba
1507,26,Pernambuco,260392,Carnaubeira da Penha
1508,26,Pernambuco,260400,Carpina
1509,26,Pernambuco,260410,Caruaru
1510,26,Pernambuco,260415,Casinhas
1511,26,Pernambuco,260420,Catende
1512,26,Pernambuco,260430,Cedro
1513,26,Pernambuco,260440,Chã de Alegria
1514,26,Pernambuco,260450,Chã Grande
1515,26,Pernambuco,260460,Condado
1516,26,Pernambuco,260470,Correntes
1517,26,Pernambuco,260480,Cortês
1518,26,Pernambuco,260490,Cumaru
1519,26,Pernambuco,260500,Cupira
1520,26,Pernambuco,260510,Custódia
1521,26,Pernambuco,260515,Dormentes
1522,26,Pernambuco,260520,Escada
1523,26,Pernambuco,260530,Exu
1524,26,Pernambuco,260540,Feira Nova
1525,26,Pernambuco,260545,Fernando de Noronha
1526,26,Pernambuco,260550,Ferreiros
1527,26,Pernambuco,260560,Flores
1528,26,Pernambuco,260570,Floresta
1529,26,Pernambuco,260580,Frei Miguelinho
1530,26,Pernambuco,260590,Gameleira
1531,26,Pernambuco,260600,Garanhuns
1532,26,Pernambuco,260610,Glória do Goitá
1533,26,Pernambuco,260620,Goiana
1534,26,Pernambuco,260630,Granito
1535,26,Pernambuco,260640,Gravatá
1536,26,Pernambuco,260650,Iati
1537,26,Pernambuco,260660,Ibimirim
1538,26,Pernambuco,260670,Ibirajuba
1539,26,Pernambuco,260680,Igarassu
1540,26,Pernambuco,260690,Iguaracy
1541,26,Pernambuco,260760,Ilha de Itamaracá
1542,26,Pernambuco,260700,Inajá
1543,26,Pernambuco,260710,Ingazeira
1544,26,Pernambuco,260720,Ipojuca
1545,26,Pernambuco,260730,Ipubi
1546,26,Pernambuco,260740,Itacuruba
1547,26,Pernambuco,260750,Itaíba
1548,26,Pernambuco,260765,Itambé
1549,26,Pernambuco,260770,Itapetim
1550,26,Pernambuco,260775,Itapissuma
1551,26,Pernambuco,260780,Itaquitinga
1552,26,Pernambuco,260790,Jaboatão dos Guararapes
1553,26,Pernambuco,260795,Jaqueira
1554,26,Pernambuco,260800,Jataúba
1555,26,Pernambuco,260805,Jatobá
1556,26,Pernambuco,260810,João Alfredo
1557,26,Pernambuco,260820,Joaquim Nabuco
1558,26,Pernambuco,260825,Jucati
1559,26,Pernambuco,260830,Jupi
1560,26,Pernambuco,260840,Jurema
1561,26,Pernambuco,260850,Lagoa de Itaenga
1562,26,Pernambuco,260845,Lagoa do Carro
1563,26,Pernambuco,260860,Lagoa do Ouro
1564,26,Pernambuco,260870,Lagoa dos Gatos
1565,26,Pernambuco,260875,Lagoa Grande
1566,26,Pernambuco,260880,Lajedo
1567,26,Pernambuco,260890,Limoeiro
1568,26,Pernambuco,260900,Macaparana
1569,26,Pernambuco,260910,Machados
1570,26,Pernambuco,260915,Manari
1571,26,Pernambuco,260920,Maraial
1572,26,Pernambuco,260930,Mirandiba
1573,26,Pernambuco,261430,Moreilândia
1574,26,Pernambuco,260940,Moreno
1575,26,Pernambuco,260950,Nazaré da Mata
1576,26,Pernambuco,260960,Olinda
1577,26,Pernambuco,260970,Orobó
1578,26,Pernambuco,260980,Orocó
1579,26,Pernambuco,260990,Ouricuri
1580,26,Pernambuco,261000,Palmares
1581,26,Pernambuco,261010,Palmeirina
1582,26,Pernambuco,261020,Panelas
1583,26,Pernambuco,261030,Paranatama
1584,26,Pernambuco,261040,Parnamirim
1585,26,Pernambuco,261050,Passira
1586,26,Pernambuco,261060,Paudalho
1587,26,Pernambuco,261070,Paulista
1588,26,Pernambuco,261080,Pedra
1589,26,Pernambuco,261090,Pesqueira
1590,26,Pernambuco,261100,Petrolândia
1591,26,Pernambuco,261110,Petrolina
1592,26,Pernambuco,261120,Poção
1593,26,Pernambuco,261130,Pombos
1594,26,Pernambuco,261140,Primavera
1595,26,Pernambuco,261150,Quipapá
1596,26,Pernambuco,261153,Quixaba
1597,26,Pernambuco,261160,Recife
1598,26,Pernambuco,261170,Riacho das Almas
1599,26,Pernambuco,261180,Ribeirão
1600,26,Pernambuco,261190,Rio Formoso
1601,26,Pernambuco,261200,Sairé
1602,26,Pernambuco,261210,Salgadinho
1603,26,Pernambuco,261220,Salgueiro
1604,26,Pernambuco,261230,Saloá
1605,26,Pernambuco,261240,Sanharó
1606,26,Pernambuco,261245,Santa Cruz
1607,26,Pernambuco,261247,Santa Cruz da Baixa Verde
1608,26,Pernambuco,261250,Santa Cruz do Capibaribe
1609,26,Pernambuco,261255,Santa Filomena
1610,26,Pernambuco,261260,Santa Maria da Boa Vista
1611,26,Pernambuco,261270,Santa Maria do Cambucá
1612,26,Pernambuco,261280,Santa Terezinha
1613,26,Pernambuco,261290,São Benedito do Sul
1614,26,Pernambuco,261300,São Bento do Una
1615,26,Pernambuco,261310,São Caitano
1616,26,Pernambuco,261320,São João
1617,26,Pernambuco,261330,São Joaquim do Monte
1618,26,Pernambuco,261340,São José da Coroa Grande
1619,26,Pernambuco,261350,São José do Belmonte
1620,26,Pernambuco,261360,São José do Egito
1621,26,Pernambuco,261370,São Lourenço da Mata
1622,26,Pernambuco,261380,São Vicente Férrer
1623,26,Pernambuco,261390,Serra Talhada
1624,26,Pernambuco,261400,Serrita
1625,26,Pernambuco,261410,Sertânia
1626,26,Pernambuco,261420,Sirinhaém
1627,26,Pernambuco,261440,Solidão
1628,26,Pernambuco,261450,Surubim
1629,26,Pernambuco,261460,Tabira
1630,26,Pernambuco,261470,Tacaimbó
1631,26,Pernambuco,261480,Tacaratu
1632,26,Pernambuco,261485,Tamandaré
1633,26,Pernambuco,261500,Taquaritinga do Norte
1634,26,Pernambuco,261510,Terezinha
1635,26,Pernambuco,261520,Terra Nova
1636,26,Pernambuco,261530,Timbaúba
1637,26,Pernambuco,261540,Toritama
1638,26,Pernambuco,261550,Tracunhaém
1639,26,Pernambuco,261560,Trindade
1640,26,Pernambuco,261570,Triunfo
1641,26,Pernambuco,261580,Tupanatinga
1642,26,Pernambuco,261590,Tuparetama
1643,26,Pernambuco,261600,Venturosa
1644,26,Pernambuco,261610,Verdejante
1645,26,Pernambuco,261618,Vertente do Lério
1646,26,Pernambuco,261620,Vertentes
1647,26,Pernambuco,261630,Vicência
1648,26,Pernambuco,261640,Vitória de Santo Antão
1649,26,Pernambuco,261650,Xexéu
1650,27,Alagoas,270010,Água Branca
1651,27,Alagoas,270020,Anadia
1652,27,Alagoas,270030,Arapiraca
1653,27,Alagoas,270040,Atalaia
1654,27,Alagoas,270050,Barra de Santo Antônio
1655,27,Alagoas,270060,Barra de São Miguel
1656,27,Alagoas,270070,Batalha
1657,27,Alagoas,270080,Belém
1658,27,Alagoas,270090,Belo Monte
1659,27,Alagoas,270100,Boca da Mata
1660,27,Alagoas,270110,Branquinha
1661,27,Alagoas,270120,Cacimbinhas
1662,27,Alagoas,270130,Cajueiro
1663,27,Alagoas,270135,Campestre
1664,27,Alagoas,270140,Campo Alegre
1665,27,Alagoas,270150,Campo Grande
1666,27,Alagoas,270160,Canapi
1667,27,Alagoas,270170,Capela
1668,27,Alagoas,270180,Carneiros
1669,27,Alagoas,270190,Chã Preta
1670,27,Alagoas,270200,Coité do Nóia
1671,27,Alagoas,270210,Colônia Leopoldina
1672,27,Alagoas,270220,Coqueiro Seco
1673,27,Alagoas,270230,Coruripe
1674,27,Alagoas,270235,Craíbas
1675,27,Alagoas,270240,Delmiro Gouveia
1676,27,Alagoas,270250,Dois Riachos
1677,27,Alagoas,270255,Estrela de Alagoas
1678,27,Alagoas,270260,Feira Grande
1679,27,Alagoas,270270,Feliz Deserto
1680,27,Alagoas,270280,Flexeiras
1681,27,Alagoas,270290,Girau do Ponciano
1682,27,Alagoas,270300,Ibateguara
1683,27,Alagoas,270310,Igaci
1684,27,Alagoas,270320,Igreja Nova
1685,27,Alagoas,270330,Inhapi
1686,27,Alagoas,270340,Jacaré dos Homens
1687,27,Alagoas,270350,Jacuípe
1688,27,Alagoas,270360,Japaratinga
1689,27,Alagoas,270370,Jaramataia
1690,27,Alagoas,270375,Jequiá da Praia
1691,27,Alagoas,270380,Joaquim Gomes
1692,27,Alagoas,270390,Jundiá
1693,27,Alagoas,270400,Junqueiro
1694,27,Alagoas,270410,Lagoa da Canoa
1695,27,Alagoas,270420,Limoeiro de Anadia
1696,27,Alagoas,270430,Maceió
1697,27,Alagoas,270440,Major Isidoro
1698,27,Alagoas,270490,Mar Vermelho
1699,27,Alagoas,270450,Maragogi
1700,27,Alagoas,270460,Maravilha
1701,27,Alagoas,270470,Marechal Deodoro
1702,27,Alagoas,270480,Maribondo
1703,27,Alagoas,270500,Mata Grande
1704,27,Alagoas,270510,Matriz de Camaragibe
1705,27,Alagoas,270520,Messias
1706,27,Alagoas,270530,Minador do Negrão
1707,27,Alagoas,270540,Monteirópolis
1708,27,Alagoas,270550,Murici
1709,27,Alagoas,270560,Novo Lino
1710,27,Alagoas,270570,Olho d'Água das Flores
1711,27,Alagoas,270580,Olho d'Água do Casado
1712,27,Alagoas,270590,Olho d'Água Grande
1713,27,Alagoas,270600,Olivença
1714,27,Alagoas,270610,Ouro Branco
1715,27,Alagoas,270620,Palestina
1716,27,Alagoas,270630,Palmeira dos Índios
1717,27,Alagoas,270640,Pão de Açúcar
1718,27,Alagoas,270642,Pariconha
1719,27,Alagoas,270644,Paripueira
1720,27,Alagoas,270650,Passo de Camaragibe
1721,27,Alagoas,270660,Paulo Jacinto
1722,27,Alagoas,270670,Penedo
1723,27,Alagoas,270680,Piaçabuçu
1724,27,Alagoas,270690,Pilar
1725,27,Alagoas,270700,Pindoba
1726,27,Alagoas,270710,Piranhas
1727,27,Alagoas,270720,Poço das Trincheiras
1728,27,Alagoas,270730,Porto Calvo
1729,27,Alagoas,270740,Porto de Pedras
1730,27,Alagoas,270750,Porto Real do Colégio
1731,27,Alagoas,270760,Quebrangulo
1732,27,Alagoas,270770,Rio Largo
1733,27,Alagoas,270780,Roteiro
1734,27,Alagoas,270790,Santa Luzia do Norte
1735,27,Alagoas,270800,Santana do Ipanema
1736,27,Alagoas,270810,Santana do Mundaú
1737,27,Alagoas,270820,São Brás
1738,27,Alagoas,270830,São José da Laje
1739,27,Alagoas,270840,São José da Tapera
1740,27,Alagoas,270850,São Luís do Quitunde
1741,27,Alagoas,270860,São Miguel dos Campos
1742,27,Alagoas,270870,São Miguel dos Milagres
1743,27,Alagoas,270880,São Sebastião
1744,27,Alagoas,270890,Satuba
1745,27,Alagoas,270895,Senador Rui Palmeira
1746,27,Alagoas,270900,Tanque d'Arca
1747,27,Alagoas,270910,Taquarana
1748,27,Alagoas,270915,Teotônio Vilela
1749,27,Alagoas,270920,Traipu
1750,27,Alagoas,270930,União dos Palmares
1751,27,Alagoas,270940,Viçosa
1752,28,Sergipe,280010,Amparo do São Francisco
1753,28,Sergipe,280020,Aquidabã
1754,28,Sergipe,280030,Aracaju
1755,28,Sergipe,280040,Arauá
1756,28,Sergipe,280050,Areia Branca
1757,28,Sergipe,280060,Barra dos Coqueiros
1758,28,Sergipe,280067,Boquim
1759,28,Sergipe,280070,Brejo Grande
1760,28,Sergipe,280100,Campo do Brito
1761,28,Sergipe,280110,Canhoba
1762,28,Sergipe,280120,Canindé de São Francisco
1763,28,Sergipe,280130,Capela
1764,28,Sergipe,280140,Carira
1765,28,Sergipe,280150,Carmópolis
1766,28,Sergipe,280160,Cedro de São João
1767,28,Sergipe,280170,Cristinápolis
1768,28,Sergipe,280190,Cumbe
1769,28,Sergipe,280200,Divina Pastora
1770,28,Sergipe,280210,Estância
1771,28,Sergipe,280220,Feira Nova
1772,28,Sergipe,280230,Frei Paulo
1773,28,Sergipe,280240,Gararu
1774,28,Sergipe,280250,General Maynard
1775,28,Sergipe,280260,Graccho Cardoso
1776,28,Sergipe,280270,Ilha das Flores
1777,28,Sergipe,280280,Indiaroba
1778,28,Sergipe,280290,Itabaiana
1779,28,Sergipe,280300,Itabaianinha
1780,28,Sergipe,280310,Itabi
1781,28,Sergipe,280320,Itaporanga d'Ajuda
1782,28,Sergipe,280330,Japaratuba
1783,28,Sergipe,280340,Japoatã
1784,28,Sergipe,280350,Lagarto
1785,28,Sergipe,280360,Laranjeiras
1786,28,Sergipe,280370,Macambira
1787,28,Sergipe,280380,Malhada dos Bois
1788,28,Sergipe,280390,Malhador
1789,28,Sergipe,280400,Maruim
1790,28,Sergipe,280410,Moita Bonita
1791,28,Sergipe,280420,Monte Alegre de Sergipe
1792,28,Sergipe,280430,Muribeca
1793,28,Sergipe,280440,Neópolis
1794,28,Sergipe,280445,Nossa Senhora Aparecida
1795,28,Sergipe,280450,Nossa Senhora da Glória
1796,28,Sergipe,280460,Nossa Senhora das Dores
1797,28,Sergipe,280470,Nossa Senhora de Lourdes
1798,28,Sergipe,280480,Nossa Senhora do Socorro
1799,28,Sergipe,280490,Pacatuba
1800,28,Sergipe,280500,Pedra Mole
1801,28,Sergipe,280510,Pedrinhas
1802,28,Sergipe,280520,Pinhão
1803,28,Sergipe,280530,Pirambu
1804,28,Sergipe,280540,Poço Redondo
1805,28,Sergipe,280550,Poço Verde
1806,28,Sergipe,280560,Porto da Folha
1807,28,Sergipe,280570,Propriá
1808,28,Sergipe,280580,Riachão do Dantas
1809,28,Sergipe,280590,Riachuelo
1810,28,Sergipe,280600,Ribeirópolis
1811,28,Sergipe,280610,Rosário do Catete
1812,28,Sergipe,280620,Salgado
1813,28,Sergipe,280630,Santa Luzia do Itanhy
1814,28,Sergipe,280650,Santa Rosa de Lima
1815,28,Sergipe,280640,Santana do São Francisco
1816,28,Sergipe,280660,Santo Amaro das Brotas
1817,28,Sergipe,280670,São Cristóvão
1818,28,Sergipe,280680,São Domingos
1819,28,Sergipe,280690,São Francisco
1820,28,Sergipe,280700,São Miguel do Aleixo
1821,28,Sergipe,280710,Simão Dias
1822,28,Sergipe,280720,Siriri
1823,28,Sergipe,280730,Telha
1824,28,Sergipe,280740,Tobias Barreto
1825,28,Sergipe,280750,Tomar do Geru
1826,28,Sergipe,280760,Umbaúba
1827,29,Bahia,290010,Abaíra
1828,29,Bahia,290020,Abaré
1829,29,Bahia,290030,Acajutiba
1830,29,Bahia,290035,Adustina
1831,29,Bahia,290040,Água Fria
1832,29,Bahia,290060,Aiquara
1833,29,Bahia,290070,Alagoinhas
1834,29,Bahia,290080,Alcobaça
1835,29,Bahia,290090,Almadina
1836,29,Bahia,290100,Amargosa
1837,29,Bahia,290110,Amélia Rodrigues
1838,29,Bahia,290115,América Dourada
1839,29,Bahia,290120,Anagé
1840,29,Bahia,290130,Andaraí
1841,29,Bahia,290135,Andorinha
1842,29,Bahia,290140,Angical
1843,29,Bahia,290150,Anguera
1844,29,Bahia,290160,Antas
1845,29,Bahia,290170,Antônio Cardoso
1846,29,Bahia,290180,Antônio Gonçalves
1847,29,Bahia,290190,Aporá
1848,29,Bahia,290195,Apuarema
1849,29,Bahia,290205,Araçás
1850,29,Bahia,290200,Aracatu
1851,29,Bahia,290210,Araci
1852,29,Bahia,290220,Aramari
1853,29,Bahia,290225,Arataca
1854,29,Bahia,290230,Aratuípe
1855,29,Bahia,290240,Aurelino Leal
1856,29,Bahia,290250,Baianópolis
1857,29,Bahia,290260,Baixa Grande
1858,29,Bahia,290265,Banzaê
1859,29,Bahia,290270,Barra
1860,29,Bahia,290280,Barra da Estiva
1861,29,Bahia,290290,Barra do Choça
1862,29,Bahia,290300,Barra do Mendes
1863,29,Bahia,290310,Barra do Rocha
1864,29,Bahia,290320,Barreiras
1865,29,Bahia,290323,Barro Alto
1866,29,Bahia,290330,Barro Preto
1867,29,Bahia,290327,Barrocas
1868,29,Bahia,290340,Belmonte
1869,29,Bahia,290350,Belo Campo
1870,29,Bahia,290360,Biritinga
1871,29,Bahia,290370,Boa Nova
1872,29,Bahia,290380,Boa Vista do Tupim
1873,29,Bahia,290390,Bom Jesus da Lapa
1874,29,Bahia,290395,Bom Jesus da Serra
1875,29,Bahia,290400,Boninal
1876,29,Bahia,290405,Bonito
1877,29,Bahia,290410,Boquira
1878,29,Bahia,290420,Botuporã
1879,29,Bahia,290430,Brejões
1880,29,Bahia,290440,Brejolândia
1881,29,Bahia,290450,Brotas de Macaúbas
1882,29,Bahia,290460,Brumado
1883,29,Bahia,290470,Buerarema
1884,29,Bahia,290475,Buritirama
1885,29,Bahia,290480,Caatiba
1886,29,Bahia,290485,Cabaceiras do Paraguaçu
1887,29,Bahia,290490,Cachoeira
1888,29,Bahia,290500,Caculé
1889,29,Bahia,290510,Caém
1890,29,Bahia,290515,Caetanos
1891,29,Bahia,290520,Caetité
1892,29,Bahia,290530,Cafarnaum
1893,29,Bahia,290540,Cairu
1894,29,Bahia,290550,Caldeirão Grande
1895,29,Bahia,290560,Camacan
1896,29,Bahia,290570,Camaçari
1897,29,Bahia,290580,Camamu
1898,29,Bahia,290590,Campo Alegre de Lourdes
1899,29,Bahia,290600,Campo Formoso
1900,29,Bahia,290610,Canápolis
1901,29,Bahia,290620,Canarana
1902,29,Bahia,290630,Canavieiras
1903,29,Bahia,290640,Candeal
1904,29,Bahia,290650,Candeias
1905,29,Bahia,290660,Candiba
1906,29,Bahia,290670,Cândido Sales
1907,29,Bahia,290680,Cansanção
1908,29,Bahia,290682,Canudos
1909,29,Bahia,290685,Capela do Alto Alegre
1910,29,Bahia,290687,Capim Grosso
1911,29,Bahia,290689,Caraíbas
1912,29,Bahia,290690,Caravelas
1913,29,Bahia,290700,Cardeal da Silva
1914,29,Bahia,290710,Carinhanha
1915,29,Bahia,290720,Casa Nova
1916,29,Bahia,290730,Castro Alves
1917,29,Bahia,290740,Catolândia
1918,29,Bahia,290750,Catu
1919,29,Bahia,290755,Caturama
1920,29,Bahia,290760,Central
1921,29,Bahia,290770,Chorrochó
1922,29,Bahia,290780,Cícero Dantas
1923,29,Bahia,290790,Cipó
1924,29,Bahia,290800,Coaraci
1925,29,Bahia,290810,Cocos
1926,29,Bahia,290820,Conceição da Feira
1927,29,Bahia,290830,Conceição do Almeida
1928,29,Bahia,290840,Conceição do Coité
1929,29,Bahia,290850,Conceição do Jacuípe
1930,29,Bahia,290860,Conde
1931,29,Bahia,290870,Condeúba
1932,29,Bahia,290880,Contendas do Sincorá
1933,29,Bahia,290890,Coração de Maria
1934,29,Bahia,290900,Cordeiros
1935,29,Bahia,290910,Coribe
1936,29,Bahia,290920,Coronel João Sá
1937,29,Bahia,290930,Correntina
1938,29,Bahia,290940,Cotegipe
1939,29,Bahia,290950,Cravolândia
1940,29,Bahia,290960,Crisópolis
1941,29,Bahia,290970,Cristópolis
1942,29,Bahia,290980,Cruz das Almas
1943,29,Bahia,290990,Curaçá
1944,29,Bahia,291000,Dário Meira
1945,29,Bahia,291005,Dias d'Ávila
1946,29,Bahia,291010,Dom Basílio
1947,29,Bahia,291020,Dom Macedo Costa
1948,29,Bahia,291030,Elísio Medrado
1949,29,Bahia,291040,Encruzilhada
1950,29,Bahia,291050,Entre Rios
1951,29,Bahia,290050,Érico Cardoso
1952,29,Bahia,291060,Esplanada
1953,29,Bahia,291070,Euclides da Cunha
1954,29,Bahia,291072,Eunápolis
1955,29,Bahia,291075,Fátima
1956,29,Bahia,291077,Feira da Mata
1957,29,Bahia,291080,Feira de Santana
1958,29,Bahia,291085,Filadélfia
1959,29,Bahia,291090,Firmino Alves
1960,29,Bahia,291100,Floresta Azul
1961,29,Bahia,291110,Formosa do Rio Preto
1962,29,Bahia,291120,Gandu
1963,29,Bahia,291125,Gavião
1964,29,Bahia,291130,Gentio do Ouro
1965,29,Bahia,291140,Glória
1966,29,Bahia,291150,Gongogi
1967,29,Bahia,291160,Governador Mangabeira
1968,29,Bahia,291165,Guajeru
1969,29,Bahia,291170,Guanambi
1970,29,Bahia,291180,Guaratinga
1971,29,Bahia,291185,Heliópolis
1972,29,Bahia,291190,Iaçu
1973,29,Bahia,291200,Ibiassucê
1974,29,Bahia,291210,Ibicaraí
1975,29,Bahia,291220,Ibicoara
1976,29,Bahia,291230,Ibicuí
1977,29,Bahia,291240,Ibipeba
1978,29,Bahia,291250,Ibipitanga
1979,29,Bahia,291260,Ibiquera
1980,29,Bahia,291270,Ibirapitanga
1981,29,Bahia,291280,Ibirapuã
1982,29,Bahia,291290,Ibirataia
1983,29,Bahia,291300,Ibitiara
1984,29,Bahia,291310,Ibititá
1985,29,Bahia,291320,Ibotirama
1986,29,Bahia,291330,Ichu
1987,29,Bahia,291340,Igaporã
1988,29,Bahia,291345,Igrapiúna
1989,29,Bahia,291350,Iguaí
1990,29,Bahia,291360,Ilhéus
1991,29,Bahia,291370,Inhambupe
1992,29,Bahia,291380,Ipecaetá
1993,29,Bahia,291390,Ipiaú
1994,29,Bahia,291400,Ipirá
1995,29,Bahia,291410,Ipupiara
1996,29,Bahia,291420,Irajuba
1997,29,Bahia,291430,Iramaia
1998,29,Bahia,291440,Iraquara
1999,29,Bahia,291450,Irará
2000,29,Bahia,291460,Irecê
2001,29,Bahia,291465,Itabela
2002,29,Bahia,291470,Itaberaba
2003,29,Bahia,291480,Itabuna
2004,29,Bahia,291490,Itacaré
2005,29,Bahia,291500,Itaeté
2006,29,Bahia,291510,Itagi
2007,29,Bahia,291520,Itagibá
2008,29,Bahia,291530,Itagimirim
2009,29,Bahia,291535,Itaguaçu da Bahia
2010,29,Bahia,291540,Itaju do Colônia
2011,29,Bahia,291550,Itajuípe
2012,29,Bahia,291560,Itamaraju
2013,29,Bahia,291570,Itamari
2014,29,Bahia,291580,Itambé
2015,29,Bahia,291590,Itanagra
2016,29,Bahia,291600,Itanhém
2017,29,Bahia,291610,Itaparica
2018,29,Bahia,291620,Itapé
2019,29,Bahia,291630,Itapebi
2020,29,Bahia,291640,Itapetinga
2021,29,Bahia,291650,Itapicuru
2022,29,Bahia,291660,Itapitanga
2023,29,Bahia,291670,Itaquara
2024,29,Bahia,291680,Itarantim
2025,29,Bahia,291685,Itatim
2026,29,Bahia,291690,Itiruçu
2027,29,Bahia,291700,Itiúba
2028,29,Bahia,291710,Itororó
2029,29,Bahia,291720,Ituaçu
2030,29,Bahia,291730,Ituberá
2031,29,Bahia,291733,Iuiu
2032,29,Bahia,291735,Jaborandi
2033,29,Bahia,291740,Jacaraci
2034,29,Bahia,291750,Jacobina
2035,29,Bahia,291760,Jaguaquara
2036,29,Bahia,291770,Jaguarari
2037,29,Bahia,291780,Jaguaripe
2038,29,Bahia,291790,Jandaíra
2039,29,Bahia,291800,Jequié
2040,29,Bahia,291810,Jeremoabo
2041,29,Bahia,291820,Jiquiriçá
2042,29,Bahia,291830,Jitaúna
2043,29,Bahia,291835,João Dourado
2044,29,Bahia,291840,Juazeiro
2045,29,Bahia,291845,Jucuruçu
2046,29,Bahia,291850,Jussara
2047,29,Bahia,291855,Jussari
2048,29,Bahia,291860,Jussiape
2049,29,Bahia,291870,Lafaiete Coutinho
2050,29,Bahia,291875,Lagoa Real
2051,29,Bahia,291880,Laje
2052,29,Bahia,291890,Lajedão
2053,29,Bahia,291900,Lajedinho
2054,29,Bahia,291905,Lajedo do Tabocal
2055,29,Bahia,291910,Lamarão
2056,29,Bahia,291915,Lapão
2057,29,Bahia,291920,Lauro de Freitas
2058,29,Bahia,291930,Lençóis
2059,29,Bahia,291940,Licínio de Almeida
2060,29,Bahia,291950,Livramento de Nossa Senhora
2061,29,Bahia,291955,Luís Eduardo Magalhães
2062,29,Bahia,291960,Macajuba
2063,29,Bahia,291970,Macarani
2064,29,Bahia,291980,Macaúbas
2065,29,Bahia,291990,Macururé
2066,29,Bahia,291992,Madre de Deus
2067,29,Bahia,291995,Maetinga
2068,29,Bahia,292000,Maiquinique
2069,29,Bahia,292010,Mairi
2070,29,Bahia,292020,Malhada
2071,29,Bahia,292030,Malhada de Pedras
2072,29,Bahia,292040,Manoel Vitorino
2073,29,Bahia,292045,Mansidão
2074,29,Bahia,292050,Maracás
2075,29,Bahia,292060,Maragogipe
2076,29,Bahia,292070,Maraú
2077,29,Bahia,292080,Marcionílio Souza
2078,29,Bahia,292090,Mascote
2079,29,Bahia,292100,Mata de São João
2080,29,Bahia,292105,Matina
2081,29,Bahia,292110,Medeiros Neto
2082,29,Bahia,292120,Miguel Calmon
2083,29,Bahia,292130,Milagres
2084,29,Bahia,292140,Mirangaba
2085,29,Bahia,292145,Mirante
2086,29,Bahia,292150,Monte Santo
2087,29,Bahia,292160,Morpará
2088,29,Bahia,292170,Morro do Chapéu
2089,29,Bahia,292180,Mortugaba
2090,29,Bahia,292190,Mucugê
2091,29,Bahia,292200,Mucuri
2092,29,Bahia,292205,Mulungu do Morro
2093,29,Bahia,292210,Mundo Novo
2094,29,Bahia,292220,Muniz Ferreira
2095,29,Bahia,292225,Muquém do São Francisco
2096,29,Bahia,292230,Muritiba
2097,29,Bahia,292240,Mutuípe
2098,29,Bahia,292250,Nazaré
2099,29,Bahia,292260,Nilo Peçanha
2100,29,Bahia,292265,Nordestina
2101,29,Bahia,292270,Nova Canaã
2102,29,Bahia,292273,Nova Fátima
2103,29,Bahia,292275,Nova Ibiá
2104,29,Bahia,292280,Nova Itarana
2105,29,Bahia,292285,Nova Redenção
2106,29,Bahia,292290,Nova Soure
2107,29,Bahia,292300,Nova Viçosa
2108,29,Bahia,292303,Novo Horizonte
2109,29,Bahia,292305,Novo Triunfo
2110,29,Bahia,292310,Olindina
2111,29,Bahia,292320,Oliveira dos Brejinhos
2112,29,Bahia,292330,Ouriçangas
2113,29,Bahia,292335,Ourolândia
2114,29,Bahia,292340,Palmas de Monte Alto
2115,29,Bahia,292350,Palmeiras
2116,29,Bahia,292360,Paramirim
2117,29,Bahia,292370,Paratinga
2118,29,Bahia,292380,Paripiranga
2119,29,Bahia,292390,Pau Brasil
2120,29,Bahia,292400,Paulo Afonso
2121,29,Bahia,292405,Pé de Serra
2122,29,Bahia,292410,Pedrão
2123,29,Bahia,292420,Pedro Alexandre
2124,29,Bahia,292430,Piatã
2125,29,Bahia,292440,Pilão Arcado
2126,29,Bahia,292450,Pindaí
2127,29,Bahia,292460,Pindobaçu
2128,29,Bahia,292465,Pintadas
2129,29,Bahia,292467,Piraí do Norte
2130,29,Bahia,292470,Piripá
2131,29,Bahia,292480,Piritiba
2132,29,Bahia,292490,Planaltino
2133,29,Bahia,292500,Planalto
2134,29,Bahia,292510,Poções
2135,29,Bahia,292520,Pojuca
2136,29,Bahia,292525,Ponto Novo
2137,29,Bahia,292530,Porto Seguro
2138,29,Bahia,292540,Potiraguá
2139,29,Bahia,292550,Prado
2140,29,Bahia,292560,Presidente Dutra
2141,29,Bahia,292570,Presidente Jânio Quadros
2142,29,Bahia,292575,Presidente Tancredo Neves
2143,29,Bahia,292580,Queimadas
2144,29,Bahia,292590,Quijingue
2145,29,Bahia,292593,Quixabeira
2146,29,Bahia,292595,Rafael Jambeiro
2147,29,Bahia,292600,Remanso
2148,29,Bahia,292610,Retirolândia
2149,29,Bahia,292620,Riachão das Neves
2150,29,Bahia,292630,Riachão do Jacuípe
2151,29,Bahia,292640,Riacho de Santana
2152,29,Bahia,292650,Ribeira do Amparo
2153,29,Bahia,292660,Ribeira do Pombal
2154,29,Bahia,292665,Ribeirão do Largo
2155,29,Bahia,292670,Rio de Contas
2156,29,Bahia,292680,Rio do Antônio
2157,29,Bahia,292690,Rio do Pires
2158,29,Bahia,292700,Rio Real
2159,29,Bahia,292710,Rodelas
2160,29,Bahia,292720,Ruy Barbosa
2161,29,Bahia,292730,Salinas da Margarida
2162,29,Bahia,292740,Salvador
2163,29,Bahia,292750,Santa Bárbara
2164,29,Bahia,292760,Santa Brígida
2165,29,Bahia,292770,Santa Cruz Cabrália
2166,29,Bahia,292780,Santa Cruz da Vitória
2167,29,Bahia,292790,Santa Inês
2168,29,Bahia,292805,Santa Luzia
2169,29,Bahia,292810,Santa Maria da Vitória
2170,29,Bahia,292840,Santa Rita de Cássia
2171,29,Bahia,292850,Santa Terezinha
2172,29,Bahia,292800,Santaluz
2173,29,Bahia,292820,Santana
2174,29,Bahia,292830,Santanópolis
2175,29,Bahia,292860,Santo Amaro
2176,29,Bahia,292870,Santo Antônio de Jesus
2177,29,Bahia,292880,Santo Estêvão
2178,29,Bahia,292890,São Desidério
2179,29,Bahia,292895,São Domingos
2180,29,Bahia,292910,São Felipe
2181,29,Bahia,292900,São Félix
2182,29,Bahia,292905,São Félix do Coribe
2183,29,Bahia,292920,São Francisco do Conde
2184,29,Bahia,292925,São Gabriel
2185,29,Bahia,292930,São Gonçalo dos Campos
2186,29,Bahia,292935,São José da Vitória
2187,29,Bahia,292937,São José do Jacuípe
2188,29,Bahia,292940,São Miguel das Matas
2189,29,Bahia,292950,São Sebastião do Passé
2190,29,Bahia,292960,Sapeaçu
2191,29,Bahia,292970,Sátiro Dias
2192,29,Bahia,292975,Saubara
2193,29,Bahia,292980,Saúde
2194,29,Bahia,292990,Seabra
2195,29,Bahia,293000,Sebastião Laranjeiras
2196,29,Bahia,293010,Senhor do Bonfim
2197,29,Bahia,293020,Sento Sé
2198,29,Bahia,293015,Serra do Ramalho
2199,29,Bahia,293030,Serra Dourada
2200,29,Bahia,293040,Serra Preta
2201,29,Bahia,293050,Serrinha
2202,29,Bahia,293060,Serrolândia
2203,29,Bahia,293070,Simões Filho
2204,29,Bahia,293075,Sítio do Mato
2205,29,Bahia,293076,Sítio do Quinto
2206,29,Bahia,293077,Sobradinho
2207,29,Bahia,293080,Souto Soares
2208,29,Bahia,293090,Tabocas do Brejo Velho
2209,29,Bahia,293100,Tanhaçu
2210,29,Bahia,293105,Tanque Novo
2211,29,Bahia,293110,Tanquinho
2212,29,Bahia,293120,Taperoá
2213,29,Bahia,293130,Tapiramutá
2214,29,Bahia,293135,Teixeira de Freitas
2215,29,Bahia,293140,Teodoro Sampaio
2216,29,Bahia,293150,Teofilândia
2217,29,Bahia,293160,Teolândia
2218,29,Bahia,293170,Terra Nova
2219,29,Bahia,293180,Tremedal
2220,29,Bahia,293190,Tucano
2221,29,Bahia,293200,Uauá
2222,29,Bahia,293210,Ubaíra
2223,29,Bahia,293220,Ubaitaba
2224,29,Bahia,293230,Ubatã
2225,29,Bahia,293240,Uibaí
2226,29,Bahia,293245,Umburanas
2227,29,Bahia,293250,Una
2228,29,Bahia,293260,Urandi
2229,29,Bahia,293270,Uruçuca
2230,29,Bahia,293280,Utinga
2231,29,Bahia,293290,Valença
2232,29,Bahia,293300,Valente
2233,29,Bahia,293305,Várzea da Roça
2234,29,Bahia,293310,Várzea do Poço
2235,29,Bahia,293315,Várzea Nova
2236,29,Bahia,293317,Varzedo
2237,29,Bahia,293320,Vera Cruz
2238,29,Bahia,293325,Vereda
2239,29,Bahia,293330,Vitória da Conquista
2240,29,Bahia,293340,Wagner
2241,29,Bahia,293345,Wanderley
2242,29,Bahia,293350,Wenceslau Guimarães
2243,29,Bahia,293360,Xique-Xique
2244,31,Minas Gerais,310010,Abadia dos Dourados
2245,31,Minas Gerais,310020,Abaeté
2246,31,Minas Gerais,310030,Abre Campo
2247,31,Minas Gerais,310040,Acaiaca
2248,31,Minas Gerais,310050,Açucena
2249,31,Minas Gerais,310060,Água Boa
2250,31,Minas Gerais,310070,Água Comprida
2251,31,Minas Gerais,310080,Aguanil
2252,31,Minas Gerais,310090,Águas Formosas
2253,31,Minas Gerais,310100,Águas Vermelhas
2254,31,Minas Gerais,310110,Aimorés
2255,31,Minas Gerais,310120,Aiuruoca
2256,31,Minas Gerais,310130,Alagoa
2257,31,Minas Gerais,310140,Albertina
2258,31,Minas Gerais,310150,Além Paraíba
2259,31,Minas Gerais,310160,Alfenas
2260,31,Minas Gerais,310163,Alfredo Vasconcelos
2261,31,Minas Gerais,310170,Almenara
2262,31,Minas Gerais,310180,Alpercata
2263,31,Minas Gerais,310190,Alpinópolis
2264,31,Minas Gerais,310200,Alterosa
2265,31,Minas Gerais,310205,Alto Caparaó
2266,31,Minas Gerais,315350,Alto Jequitibá
2267,31,Minas Gerais,310210,Alto Rio Doce
2268,31,Minas Gerais,310220,Alvarenga
2269,31,Minas Gerais,310230,Alvinópolis
2270,31,Minas Gerais,310240,Alvorada de Minas
2271,31,Minas Gerais,310250,Amparo do Serra
2272,31,Minas Gerais,310260,Andradas
2273,31,Minas Gerais,310280,Andrelândia
2274,31,Minas Gerais,310285,Angelândia
2275,31,Minas Gerais,310290,Antônio Carlos
2276,31,Minas Gerais,310300,Antônio Dias
2277,31,Minas Gerais,310310,Antônio Prado de Minas
2278,31,Minas Gerais,310320,Araçaí
2279,31,Minas Gerais,310330,Aracitaba
2280,31,Minas Gerais,310340,Araçuaí
2281,31,Minas Gerais,310350,Araguari
2282,31,Minas Gerais,310360,Arantina
2283,31,Minas Gerais,310370,Araponga
2284,31,Minas Gerais,310375,Araporã
2285,31,Minas Gerais,310380,Arapuá
2286,31,Minas Gerais,310390,Araújos
2287,31,Minas Gerais,310400,Araxá
2288,31,Minas Gerais,310410,Arceburgo
2289,31,Minas Gerais,310420,Arcos
2290,31,Minas Gerais,310430,Areado
2291,31,Minas Gerais,310440,Argirita
2292,31,Minas Gerais,310445,Aricanduva
2293,31,Minas Gerais,310450,Arinos
2294,31,Minas Gerais,310460,Astolfo Dutra
2295,31,Minas Gerais,310470,Ataléia
2296,31,Minas Gerais,310480,Augusto de Lima
2297,31,Minas Gerais,310490,Baependi
2298,31,Minas Gerais,310500,Baldim
2299,31,Minas Gerais,310510,Bambuí
2300,31,Minas Gerais,310520,Bandeira
2301,31,Minas Gerais,310530,Bandeira do Sul
2302,31,Minas Gerais,310540,Barão de Cocais
2303,31,Minas Gerais,310550,Barão do Monte Alto
2304,31,Minas Gerais,310560,Barbacena
2305,31,Minas Gerais,310570,Barra Longa
2306,31,Minas Gerais,310590,Barroso
2307,31,Minas Gerais,310600,Bela Vista de Minas
2308,31,Minas Gerais,310610,Belmiro Braga
2309,31,Minas Gerais,310620,Belo Horizonte
2310,31,Minas Gerais,310630,Belo Oriente
2311,31,Minas Gerais,310640,Belo Vale
2312,31,Minas Gerais,310650,Berilo
2313,31,Minas Gerais,310665,Berizal
2314,31,Minas Gerais,310660,Bertópolis
2315,31,Minas Gerais,310670,Betim
2316,31,Minas Gerais,310680,Bias Fortes
2317,31,Minas Gerais,310690,Bicas
2318,31,Minas Gerais,310700,Biquinhas
2319,31,Minas Gerais,310710,Boa Esperança
2320,31,Minas Gerais,310720,Bocaina de Minas
2321,31,Minas Gerais,310730,Bocaiúva
2322,31,Minas Gerais,310740,Bom Despacho
2323,31,Minas Gerais,310750,Bom Jardim de Minas
2324,31,Minas Gerais,310760,Bom Jesus da Penha
2325,31,Minas Gerais,310770,Bom Jesus do Amparo
2326,31,Minas Gerais,310780,Bom Jesus do Galho
2327,31,Minas Gerais,310790,Bom Repouso
2328,31,Minas Gerais,310800,Bom Sucesso
2329,31,Minas Gerais,310810,Bonfim
2330,31,Minas Gerais,310820,Bonfinópolis de Minas
2331,31,Minas Gerais,310825,Bonito de Minas
2332,31,Minas Gerais,310830,Borda da Mata
2333,31,Minas Gerais,310840,Botelhos
2334,31,Minas Gerais,310850,Botumirim
2335,31,Minas Gerais,310870,Brás Pires
2336,31,Minas Gerais,310855,Brasilândia de Minas
2337,31,Minas Gerais,310860,Brasília de Minas
2338,31,Minas Gerais,310880,Braúnas
2339,31,Minas Gerais,310890,Brazópolis
2340,31,Minas Gerais,310900,Brumadinho
2341,31,Minas Gerais,310910,Bueno Brandão
2342,31,Minas Gerais,310920,Buenópolis
2343,31,Minas Gerais,310925,Bugre
2344,31,Minas Gerais,310930,Buritis
2345,31,Minas Gerais,310940,Buritizeiro
2346,31,Minas Gerais,310945,Cabeceira Grande
2347,31,Minas Gerais,310950,Cabo Verde
2348,31,Minas Gerais,310960,Cachoeira da Prata
2349,31,Minas Gerais,310970,Cachoeira de Minas
2350,31,Minas Gerais,310270,Cachoeira de Pajeú
2351,31,Minas Gerais,310980,Cachoeira Dourada
2352,31,Minas Gerais,310990,Caetanópolis
2353,31,Minas Gerais,311000,Caeté
2354,31,Minas Gerais,311010,Caiana
2355,31,Minas Gerais,311020,Cajuri
2356,31,Minas Gerais,311030,Caldas
2357,31,Minas Gerais,311040,Camacho
2358,31,Minas Gerais,311050,Camanducaia
2359,31,Minas Gerais,311060,Cambuí
2360,31,Minas Gerais,311070,Cambuquira
2361,31,Minas Gerais,311080,Campanário
2362,31,Minas Gerais,311090,Campanha
2363,31,Minas Gerais,311100,Campestre
2364,31,Minas Gerais,311110,Campina Verde
2365,31,Minas Gerais,311115,Campo Azul
2366,31,Minas Gerais,311120,Campo Belo
2367,31,Minas Gerais,311130,Campo do Meio
2368,31,Minas Gerais,311140,Campo Florido
2369,31,Minas Gerais,311150,Campos Altos
2370,31,Minas Gerais,311160,Campos Gerais
2371,31,Minas Gerais,311190,Cana Verde
2372,31,Minas Gerais,311170,Canaã
2373,31,Minas Gerais,311180,Canápolis
2374,31,Minas Gerais,311200,Candeias
2375,31,Minas Gerais,311205,Cantagalo
2376,31,Minas Gerais,311210,Caparaó
2377,31,Minas Gerais,311220,Capela Nova
2378,31,Minas Gerais,311230,Capelinha
2379,31,Minas Gerais,311240,Capetinga
2380,31,Minas Gerais,311250,Capim Branco
2381,31,Minas Gerais,311260,Capinópolis
2382,31,Minas Gerais,311265,Capitão Andrade
2383,31,Minas Gerais,311270,Capitão Enéas
2384,31,Minas Gerais,311280,Capitólio
2385,31,Minas Gerais,311290,Caputira
2386,31,Minas Gerais,311300,Caraí
2387,31,Minas Gerais,311310,Caranaíba
2388,31,Minas Gerais,311320,Carandaí
2389,31,Minas Gerais,311330,Carangola
2390,31,Minas Gerais,311340,Caratinga
2391,31,Minas Gerais,311350,Carbonita
2392,31,Minas Gerais,311360,Careaçu
2393,31,Minas Gerais,311370,Carlos Chagas
2394,31,Minas Gerais,311380,Carmésia
2395,31,Minas Gerais,311390,Carmo da Cachoeira
2396,31,Minas Gerais,311400,Carmo da Mata
2397,31,Minas Gerais,311410,Carmo de Minas
2398,31,Minas Gerais,311420,Carmo do Cajuru
2399,31,Minas Gerais,311430,Carmo do Paranaíba
2400,31,Minas Gerais,311440,Carmo do Rio Claro
2401,31,Minas Gerais,311450,Carmópolis de Minas
2402,31,Minas Gerais,311455,Carneirinho
2403,31,Minas Gerais,311460,Carrancas
2404,31,Minas Gerais,311470,Carvalhópolis
2405,31,Minas Gerais,311480,Carvalhos
2406,31,Minas Gerais,311490,Casa Grande
2407,31,Minas Gerais,311500,Cascalho Rico
2408,31,Minas Gerais,311510,Cássia
2409,31,Minas Gerais,311530,Cataguases
2410,31,Minas Gerais,311535,Catas Altas
2411,31,Minas Gerais,311540,Catas Altas da Noruega
2412,31,Minas Gerais,311545,Catuji
2413,31,Minas Gerais,311547,Catuti
2414,31,Minas Gerais,311550,Caxambu
2415,31,Minas Gerais,311560,Cedro do Abaeté
2416,31,Minas Gerais,311570,Central de Minas
2417,31,Minas Gerais,311580,Centralina
2418,31,Minas Gerais,311590,Chácara
2419,31,Minas Gerais,311600,Chalé
2420,31,Minas Gerais,311610,Chapada do Norte
2421,31,Minas Gerais,311615,Chapada Gaúcha
2422,31,Minas Gerais,311620,Chiador
2423,31,Minas Gerais,311630,Cipotânea
2424,31,Minas Gerais,311640,Claraval
2425,31,Minas Gerais,311650,Claro dos Poções
2426,31,Minas Gerais,311660,Cláudio
2427,31,Minas Gerais,311670,Coimbra
2428,31,Minas Gerais,311680,Coluna
2429,31,Minas Gerais,311690,Comendador Gomes
2430,31,Minas Gerais,311700,Comercinho
2431,31,Minas Gerais,311710,Conceição da Aparecida
2432,31,Minas Gerais,311520,Conceição da Barra de Minas
2433,31,Minas Gerais,311730,Conceição das Alagoas
2434,31,Minas Gerais,311720,Conceição das Pedras
2435,31,Minas Gerais,311740,Conceição de Ipanema
2436,31,Minas Gerais,311750,Conceição do Mato Dentro
2437,31,Minas Gerais,311760,Conceição do Pará
2438,31,Minas Gerais,311770,Conceição do Rio Verde
2439,31,Minas Gerais,311780,Conceição dos Ouros
2440,31,Minas Gerais,311783,Cônego Marinho
2441,31,Minas Gerais,311787,Confins
2442,31,Minas Gerais,311790,Congonhal
2443,31,Minas Gerais,311800,Congonhas
2444,31,Minas Gerais,311810,Congonhas do Norte
2445,31,Minas Gerais,311820,Conquista
2446,31,Minas Gerais,311830,Conselheiro Lafaiete
2447,31,Minas Gerais,311840,Conselheiro Pena
2448,31,Minas Gerais,311850,Consolação
2449,31,Minas Gerais,311860,Contagem
2450,31,Minas Gerais,311870,Coqueiral
2451,31,Minas Gerais,311880,Coração de Jesus
2452,31,Minas Gerais,311890,Cordisburgo
2453,31,Minas Gerais,311900,Cordislândia
2454,31,Minas Gerais,311910,Corinto
2455,31,Minas Gerais,311920,Coroaci
2456,31,Minas Gerais,311930,Coromandel
2457,31,Minas Gerais,311940,Coronel Fabriciano
2458,31,Minas Gerais,311950,Coronel Murta
2459,31,Minas Gerais,311960,Coronel Pacheco
2460,31,Minas Gerais,311970,Coronel Xavier Chaves
2461,31,Minas Gerais,311980,Córrego Danta
2462,31,Minas Gerais,311990,Córrego do Bom Jesus
2463,31,Minas Gerais,311995,Córrego Fundo
2464,31,Minas Gerais,312000,Córrego Novo
2465,31,Minas Gerais,312010,Couto de Magalhães de Minas
2466,31,Minas Gerais,312015,Crisólita
2467,31,Minas Gerais,312020,Cristais
2468,31,Minas Gerais,312030,Cristália
2469,31,Minas Gerais,312040,Cristiano Otoni
2470,31,Minas Gerais,312050,Cristina
2471,31,Minas Gerais,312060,Crucilândia
2472,31,Minas Gerais,312070,Cruzeiro da Fortaleza
2473,31,Minas Gerais,312080,Cruzília
2474,31,Minas Gerais,312083,Cuparaque
2475,31,Minas Gerais,312087,Curral de Dentro
2476,31,Minas Gerais,312090,Curvelo
2477,31,Minas Gerais,312100,Datas
2478,31,Minas Gerais,312110,Delfim Moreira
2479,31,Minas Gerais,312120,Delfinópolis
2480,31,Minas Gerais,312125,Delta
2481,31,Minas Gerais,312130,Descoberto
2482,31,Minas Gerais,312140,Desterro de Entre Rios
2483,31,Minas Gerais,312150,Desterro do Melo
2484,31,Minas Gerais,312160,Diamantina
2485,31,Minas Gerais,312170,Diogo de Vasconcelos
2486,31,Minas Gerais,312180,Dionísio
2487,31,Minas Gerais,312190,Divinésia
2488,31,Minas Gerais,312200,Divino
2489,31,Minas Gerais,312210,Divino das Laranjeiras
2490,31,Minas Gerais,312220,Divinolândia de Minas
2491,31,Minas Gerais,312230,Divinópolis
2492,31,Minas Gerais,312235,Divisa Alegre
2493,31,Minas Gerais,312240,Divisa Nova
2494,31,Minas Gerais,312245,Divisópolis
2495,31,Minas Gerais,312247,Dom Bosco
2496,31,Minas Gerais,312250,Dom Cavati
2497,31,Minas Gerais,312260,Dom Joaquim
2498,31,Minas Gerais,312270,Dom Silvério
2499,31,Minas Gerais,312280,Dom Viçoso
2500,31,Minas Gerais,312290,Dona Euzébia
2501,31,Minas Gerais,312300,Dores de Campos
2502,31,Minas Gerais,312310,Dores de Guanhães
2503,31,Minas Gerais,312320,Dores do Indaiá
2504,31,Minas Gerais,312330,Dores do Turvo
2505,31,Minas Gerais,312340,Doresópolis
2506,31,Minas Gerais,312350,Douradoquara
2507,31,Minas Gerais,312352,Durandé
2508,31,Minas Gerais,312360,Elói Mendes
2509,31,Minas Gerais,312370,Engenheiro Caldas
2510,31,Minas Gerais,312380,Engenheiro Navarro
2511,31,Minas Gerais,312385,Entre Folhas
2512,31,Minas Gerais,312390,Entre Rios de Minas
2513,31,Minas Gerais,312400,Ervália
2514,31,Minas Gerais,312410,Esmeraldas
2515,31,Minas Gerais,312420,Espera Feliz
2516,31,Minas Gerais,312430,Espinosa
2517,31,Minas Gerais,312440,Espírito Santo do Dourado
2518,31,Minas Gerais,312450,Estiva
2519,31,Minas Gerais,312460,Estrela Dalva
2520,31,Minas Gerais,312470,Estrela do Indaiá
2521,31,Minas Gerais,312480,Estrela do Sul
2522,31,Minas Gerais,312490,Eugenópolis
2523,31,Minas Gerais,312500,Ewbank da Câmara
2524,31,Minas Gerais,312510,Extrema
2525,31,Minas Gerais,312520,Fama
2526,31,Minas Gerais,312530,Faria Lemos
2527,31,Minas Gerais,312540,Felício dos Santos
2528,31,Minas Gerais,312560,Felisburgo
2529,31,Minas Gerais,312570,Felixlândia
2530,31,Minas Gerais,312580,Fernandes Tourinho
2531,31,Minas Gerais,312590,Ferros
2532,31,Minas Gerais,312595,Fervedouro
2533,31,Minas Gerais,312600,Florestal
2534,31,Minas Gerais,312610,Formiga
2535,31,Minas Gerais,312620,Formoso
2536,31,Minas Gerais,312630,Fortaleza de Minas
2537,31,Minas Gerais,312640,Fortuna de Minas
2538,31,Minas Gerais,312650,Francisco Badaró
2539,31,Minas Gerais,312660,Francisco Dumont
2540,31,Minas Gerais,312670,Francisco Sá
2541,31,Minas Gerais,312675,Franciscópolis
2542,31,Minas Gerais,312680,Frei Gaspar
2543,31,Minas Gerais,312690,Frei Inocêncio
2544,31,Minas Gerais,312695,Frei Lagonegro
2545,31,Minas Gerais,312700,Fronteira
2546,31,Minas Gerais,312705,Fronteira dos Vales
2547,31,Minas Gerais,312707,Fruta de Leite
2548,31,Minas Gerais,312710,Frutal
2549,31,Minas Gerais,312720,Funilândia
2550,31,Minas Gerais,312730,Galiléia
2551,31,Minas Gerais,312733,Gameleiras
2552,31,Minas Gerais,312735,Glaucilândia
2553,31,Minas Gerais,312737,Goiabeira
2554,31,Minas Gerais,312738,Goianá
2555,31,Minas Gerais,312740,Gonçalves
2556,31,Minas Gerais,312750,Gonzaga
2557,31,Minas Gerais,312760,Gouveia
2558,31,Minas Gerais,312770,Governador Valadares
2559,31,Minas Gerais,312780,Grão Mogol
2560,31,Minas Gerais,312790,Grupiara
2561,31,Minas Gerais,312800,Guanhães
2562,31,Minas Gerais,312810,Guapé
2563,31,Minas Gerais,312820,Guaraciaba
2564,31,Minas Gerais,312825,Guaraciama
2565,31,Minas Gerais,312830,Guaranésia
2566,31,Minas Gerais,312840,Guarani
2567,31,Minas Gerais,312850,Guarará
2568,31,Minas Gerais,312860,Guarda-Mor
2569,31,Minas Gerais,312870,Guaxupé
2570,31,Minas Gerais,312880,Guidoval
2571,31,Minas Gerais,312890,Guimarânia
2572,31,Minas Gerais,312900,Guiricema
2573,31,Minas Gerais,312910,Gurinhatã
2574,31,Minas Gerais,312920,Heliodora
2575,31,Minas Gerais,312930,Iapu
2576,31,Minas Gerais,312940,Ibertioga
2577,31,Minas Gerais,312950,Ibiá
2578,31,Minas Gerais,312960,Ibiaí
2579,31,Minas Gerais,312965,Ibiracatu
2580,31,Minas Gerais,312970,Ibiraci
2581,31,Minas Gerais,312980,Ibirité
2582,31,Minas Gerais,312990,Ibitiúra de Minas
2583,31,Minas Gerais,313000,Ibituruna
2584,31,Minas Gerais,313005,Icaraí de Minas
2585,31,Minas Gerais,313010,Igarapé
2586,31,Minas Gerais,313020,Igaratinga
2587,31,Minas Gerais,313030,Iguatama
2588,31,Minas Gerais,313040,Ijaci
2589,31,Minas Gerais,313050,Ilicínea
2590,31,Minas Gerais,313055,Imbé de Minas
2591,31,Minas Gerais,313060,Inconfidentes
2592,31,Minas Gerais,313065,Indaiabira
2593,31,Minas Gerais,313070,Indianópolis
2594,31,Minas Gerais,313080,Ingaí
2595,31,Minas Gerais,313090,Inhapim
2596,31,Minas Gerais,313100,Inhaúma
2597,31,Minas Gerais,313110,Inimutaba
2598,31,Minas Gerais,313115,Ipaba
2599,31,Minas Gerais,313120,Ipanema
2600,31,Minas Gerais,313130,Ipatinga
2601,31,Minas Gerais,313140,Ipiaçu
2602,31,Minas Gerais,313150,Ipuiúna
2603,31,Minas Gerais,313160,Iraí de Minas
2604,31,Minas Gerais,313170,Itabira
2605,31,Minas Gerais,313180,Itabirinha
2606,31,Minas Gerais,313190,Itabirito
2607,31,Minas Gerais,313200,Itacambira
2608,31,Minas Gerais,313210,Itacarambi
2609,31,Minas Gerais,313220,Itaguara
2610,31,Minas Gerais,313230,Itaipé
2611,31,Minas Gerais,313240,Itajubá
2612,31,Minas Gerais,313250,Itamarandiba
2613,31,Minas Gerais,313260,Itamarati de Minas
2614,31,Minas Gerais,313270,Itambacuri
2615,31,Minas Gerais,313280,Itambé do Mato Dentro
2616,31,Minas Gerais,313290,Itamogi
2617,31,Minas Gerais,313300,Itamonte
2618,31,Minas Gerais,313310,Itanhandu
2619,31,Minas Gerais,313320,Itanhomi
2620,31,Minas Gerais,313330,Itaobim
2621,31,Minas Gerais,313340,Itapagipe
2622,31,Minas Gerais,313350,Itapecerica
2623,31,Minas Gerais,313360,Itapeva
2624,31,Minas Gerais,313370,Itatiaiuçu
2625,31,Minas Gerais,313375,Itaú de Minas
2626,31,Minas Gerais,313380,Itaúna
2627,31,Minas Gerais,313390,Itaverava
2628,31,Minas Gerais,313400,Itinga
2629,31,Minas Gerais,313410,Itueta
2630,31,Minas Gerais,313420,Ituiutaba
2631,31,Minas Gerais,313430,Itumirim
2632,31,Minas Gerais,313440,Iturama
2633,31,Minas Gerais,313450,Itutinga
2634,31,Minas Gerais,313460,Jaboticatubas
2635,31,Minas Gerais,313470,Jacinto
2636,31,Minas Gerais,313480,Jacuí
2637,31,Minas Gerais,313490,Jacutinga
2638,31,Minas Gerais,313500,Jaguaraçu
2639,31,Minas Gerais,313505,Jaíba
2640,31,Minas Gerais,313507,Jampruca
2641,31,Minas Gerais,313510,Janaúba
2642,31,Minas Gerais,313520,Januária
2643,31,Minas Gerais,313530,Japaraíba
2644,31,Minas Gerais,313535,Japonvar
2645,31,Minas Gerais,313540,Jeceaba
2646,31,Minas Gerais,313545,Jenipapo de Minas
2647,31,Minas Gerais,313550,Jequeri
2648,31,Minas Gerais,313560,Jequitaí
2649,31,Minas Gerais,313570,Jequitibá
2650,31,Minas Gerais,313580,Jequitinhonha
2651,31,Minas Gerais,313590,Jesuânia
2652,31,Minas Gerais,313600,Joaíma
2653,31,Minas Gerais,313610,Joanésia
2654,31,Minas Gerais,313620,João Monlevade
2655,31,Minas Gerais,313630,João Pinheiro
2656,31,Minas Gerais,313640,Joaquim Felício
2657,31,Minas Gerais,313650,Jordânia
2658,31,Minas Gerais,313652,José Gonçalves de Minas
2659,31,Minas Gerais,313655,José Raydan
2660,31,Minas Gerais,313657,Josenópolis
2661,31,Minas Gerais,313665,Juatuba
2662,31,Minas Gerais,313670,Juiz de Fora
2663,31,Minas Gerais,313680,Juramento
2664,31,Minas Gerais,313690,Juruaia
2665,31,Minas Gerais,313695,Juvenília
2666,31,Minas Gerais,313700,Ladainha
2667,31,Minas Gerais,313710,Lagamar
2668,31,Minas Gerais,313720,Lagoa da Prata
2669,31,Minas Gerais,313730,Lagoa dos Patos
2670,31,Minas Gerais,313740,Lagoa Dourada
2671,31,Minas Gerais,313750,Lagoa Formosa
2672,31,Minas Gerais,313753,Lagoa Grande
2673,31,Minas Gerais,313760,Lagoa Santa
2674,31,Minas Gerais,313770,Lajinha
2675,31,Minas Gerais,313780,Lambari
2676,31,Minas Gerais,313790,Lamim
2677,31,Minas Gerais,313800,Laranjal
2678,31,Minas Gerais,313810,Lassance
2679,31,Minas Gerais,313820,Lavras
2680,31,Minas Gerais,313830,Leandro Ferreira
2681,31,Minas Gerais,313835,Leme do Prado
2682,31,Minas Gerais,313840,Leopoldina
2683,31,Minas Gerais,313850,Liberdade
2684,31,Minas Gerais,313860,Lima Duarte
2685,31,Minas Gerais,313862,Limeira do Oeste
2686,31,Minas Gerais,313865,Lontra
2687,31,Minas Gerais,313867,Luisburgo
2688,31,Minas Gerais,313868,Luislândia
2689,31,Minas Gerais,313870,Luminárias
2690,31,Minas Gerais,313880,Luz
2691,31,Minas Gerais,313890,Machacalis
2692,31,Minas Gerais,313900,Machado
2693,31,Minas Gerais,313910,Madre de Deus de Minas
2694,31,Minas Gerais,313920,Malacacheta
2695,31,Minas Gerais,313925,Mamonas
2696,31,Minas Gerais,313930,Manga
2697,31,Minas Gerais,313940,Manhuaçu
2698,31,Minas Gerais,313950,Manhumirim
2699,31,Minas Gerais,313960,Mantena
2700,31,Minas Gerais,313980,Mar de Espanha
2701,31,Minas Gerais,313970,Maravilhas
2702,31,Minas Gerais,313990,Maria da Fé
2703,31,Minas Gerais,314000,Mariana
2704,31,Minas Gerais,314010,Marilac
2705,31,Minas Gerais,314015,Mário Campos
2706,31,Minas Gerais,314020,Maripá de Minas
2707,31,Minas Gerais,314030,Marliéria
2708,31,Minas Gerais,314040,Marmelópolis
2709,31,Minas Gerais,314050,Martinho Campos
2710,31,Minas Gerais,314053,Martins Soares
2711,31,Minas Gerais,314055,Mata Verde
2712,31,Minas Gerais,314060,Materlândia
2713,31,Minas Gerais,314070,Mateus Leme
2714,31,Minas Gerais,317150,Mathias Lobato
2715,31,Minas Gerais,314080,Matias Barbosa
2716,31,Minas Gerais,314085,Matias Cardoso
2717,31,Minas Gerais,314090,Matipó
2718,31,Minas Gerais,314100,Mato Verde
2719,31,Minas Gerais,314110,Matozinhos
2720,31,Minas Gerais,314120,Matutina
2721,31,Minas Gerais,314130,Medeiros
2722,31,Minas Gerais,314140,Medina
2723,31,Minas Gerais,314150,Mendes Pimentel
2724,31,Minas Gerais,314160,Mercês
2725,31,Minas Gerais,314170,Mesquita
2726,31,Minas Gerais,314180,Minas Novas
2727,31,Minas Gerais,314190,Minduri
2728,31,Minas Gerais,314200,Mirabela
2729,31,Minas Gerais,314210,Miradouro
2730,31,Minas Gerais,314220,Miraí
2731,31,Minas Gerais,314225,Miravânia
2732,31,Minas Gerais,314230,Moeda
2733,31,Minas Gerais,314240,Moema
2734,31,Minas Gerais,314250,Monjolos
2735,31,Minas Gerais,314260,Monsenhor Paulo
2736,31,Minas Gerais,314270,Montalvânia
2737,31,Minas Gerais,314280,Monte Alegre de Minas
2738,31,Minas Gerais,314290,Monte Azul
2739,31,Minas Gerais,314300,Monte Belo
2740,31,Minas Gerais,314310,Monte Carmelo
2741,31,Minas Gerais,314315,Monte Formoso
2742,31,Minas Gerais,314320,Monte Santo de Minas
2743,31,Minas Gerais,314340,Monte Sião
2744,31,Minas Gerais,314330,Montes Claros
2745,31,Minas Gerais,314345,Montezuma
2746,31,Minas Gerais,314350,Morada Nova de Minas
2747,31,Minas Gerais,314360,Morro da Garça
2748,31,Minas Gerais,314370,Morro do Pilar
2749,31,Minas Gerais,314380,Munhoz
2750,31,Minas Gerais,314390,Muriaé
2751,31,Minas Gerais,314400,Mutum
2752,31,Minas Gerais,314410,Muzambinho
2753,31,Minas Gerais,314420,Nacip Raydan
2754,31,Minas Gerais,314430,Nanuque
2755,31,Minas Gerais,314435,Naque
2756,31,Minas Gerais,314437,Natalândia
2757,31,Minas Gerais,314440,Natércia
2758,31,Minas Gerais,314450,Nazareno
2759,31,Minas Gerais,314460,Nepomuceno
2760,31,Minas Gerais,314465,Ninheira
2761,31,Minas Gerais,314467,Nova Belém
2762,31,Minas Gerais,314470,Nova Era
2763,31,Minas Gerais,314480,Nova Lima
2764,31,Minas Gerais,314490,Nova Módica
2765,31,Minas Gerais,314500,Nova Ponte
2766,31,Minas Gerais,314505,Nova Porteirinha
2767,31,Minas Gerais,314510,Nova Resende
2768,31,Minas Gerais,314520,Nova Serrana
2769,31,Minas Gerais,313660,Nova União
2770,31,Minas Gerais,314530,Novo Cruzeiro
2771,31,Minas Gerais,314535,Novo Oriente de Minas
2772,31,Minas Gerais,314537,Novorizonte
2773,31,Minas Gerais,314540,Olaria
2774,31,Minas Gerais,314545,Olhos-d'Água
2775,31,Minas Gerais,314550,Olímpio Noronha
2776,31,Minas Gerais,314560,Oliveira
2777,31,Minas Gerais,314570,Oliveira Fortes
2778,31,Minas Gerais,314580,Onça de Pitangui
2779,31,Minas Gerais,314585,Oratórios
2780,31,Minas Gerais,314587,Orizânia
2781,31,Minas Gerais,314590,Ouro Branco
2782,31,Minas Gerais,314600,Ouro Fino
2783,31,Minas Gerais,314610,Ouro Preto
2784,31,Minas Gerais,314620,Ouro Verde de Minas
2785,31,Minas Gerais,314625,Padre Carvalho
2786,31,Minas Gerais,314630,Padre Paraíso
2787,31,Minas Gerais,314655,Pai Pedro
2788,31,Minas Gerais,314640,Paineiras
2789,31,Minas Gerais,314650,Pains
2790,31,Minas Gerais,314660,Paiva
2791,31,Minas Gerais,314670,Palma
2792,31,Minas Gerais,314675,Palmópolis
2793,31,Minas Gerais,314690,Papagaios
2794,31,Minas Gerais,314710,Pará de Minas
2795,31,Minas Gerais,314700,Paracatu
2796,31,Minas Gerais,314720,Paraguaçu
2797,31,Minas Gerais,314730,Paraisópolis
2798,31,Minas Gerais,314740,Paraopeba
2799,31,Minas Gerais,314760,Passa Quatro
2800,31,Minas Gerais,314770,Passa Tempo
2801,31,Minas Gerais,314780,Passa Vinte
2802,31,Minas Gerais,314750,Passabém
2803,31,Minas Gerais,314790,Passos
2804,31,Minas Gerais,314795,Patis
2805,31,Minas Gerais,314800,Patos de Minas
2806,31,Minas Gerais,314810,Patrocínio
2807,31,Minas Gerais,314820,Patrocínio do Muriaé
2808,31,Minas Gerais,314830,Paula Cândido
2809,31,Minas Gerais,314840,Paulistas
2810,31,Minas Gerais,314850,Pavão
2811,31,Minas Gerais,314860,Peçanha
2812,31,Minas Gerais,314870,Pedra Azul
2813,31,Minas Gerais,314875,Pedra Bonita
2814,31,Minas Gerais,314880,Pedra do Anta
2815,31,Minas Gerais,314890,Pedra do Indaiá
2816,31,Minas Gerais,314900,Pedra Dourada
2817,31,Minas Gerais,314910,Pedralva
2818,31,Minas Gerais,314915,Pedras de Maria da Cruz
2819,31,Minas Gerais,314920,Pedrinópolis
2820,31,Minas Gerais,314930,Pedro Leopoldo
2821,31,Minas Gerais,314940,Pedro Teixeira
2822,31,Minas Gerais,314950,Pequeri
2823,31,Minas Gerais,314960,Pequi
2824,31,Minas Gerais,314970,Perdigão
2825,31,Minas Gerais,314980,Perdizes
2826,31,Minas Gerais,314990,Perdões
2827,31,Minas Gerais,314995,Periquito
2828,31,Minas Gerais,315000,Pescador
2829,31,Minas Gerais,315010,Piau
2830,31,Minas Gerais,315015,Piedade de Caratinga
2831,31,Minas Gerais,315020,Piedade de Ponte Nova
2832,31,Minas Gerais,315030,Piedade do Rio Grande
2833,31,Minas Gerais,315040,Piedade dos Gerais
2834,31,Minas Gerais,315050,Pimenta
2835,31,Minas Gerais,315053,Pingo-d'Água
2836,31,Minas Gerais,315057,Pintópolis
2837,31,Minas Gerais,315060,Piracema
2838,31,Minas Gerais,315070,Pirajuba
2839,31,Minas Gerais,315080,Piranga
2840,31,Minas Gerais,315090,Piranguçu
2841,31,Minas Gerais,315100,Piranguinho
2842,31,Minas Gerais,315110,Pirapetinga
2843,31,Minas Gerais,315120,Pirapora
2844,31,Minas Gerais,315130,Piraúba
2845,31,Minas Gerais,315140,Pitangui
2846,31,Minas Gerais,315150,Piumhi
2847,31,Minas Gerais,315160,Planura
2848,31,Minas Gerais,315170,Poço Fundo
2849,31,Minas Gerais,315180,Poços de Caldas
2850,31,Minas Gerais,315190,Pocrane
2851,31,Minas Gerais,315200,Pompéu
2852,31,Minas Gerais,315210,Ponte Nova
2853,31,Minas Gerais,315213,Ponto Chique
2854,31,Minas Gerais,315217,Ponto dos Volantes
2855,31,Minas Gerais,315220,Porteirinha
2856,31,Minas Gerais,315230,Porto Firme
2857,31,Minas Gerais,315240,Poté
2858,31,Minas Gerais,315250,Pouso Alegre
2859,31,Minas Gerais,315260,Pouso Alto
2860,31,Minas Gerais,315270,Prados
2861,31,Minas Gerais,315280,Prata
2862,31,Minas Gerais,315290,Pratápolis
2863,31,Minas Gerais,315300,Pratinha
2864,31,Minas Gerais,315310,Presidente Bernardes
2865,31,Minas Gerais,315320,Presidente Juscelino
2866,31,Minas Gerais,315330,Presidente Kubitschek
2867,31,Minas Gerais,315340,Presidente Olegário
2868,31,Minas Gerais,315360,Prudente de Morais
2869,31,Minas Gerais,315370,Quartel Geral
2870,31,Minas Gerais,315380,Queluzito
2871,31,Minas Gerais,315390,Raposos
2872,31,Minas Gerais,315400,Raul Soares
2873,31,Minas Gerais,315410,Recreio
2874,31,Minas Gerais,315415,Reduto
2875,31,Minas Gerais,315420,Resende Costa
2876,31,Minas Gerais,315430,Resplendor
2877,31,Minas Gerais,315440,Ressaquinha
2878,31,Minas Gerais,315445,Riachinho
2879,31,Minas Gerais,315450,Riacho dos Machados
2880,31,Minas Gerais,315460,Ribeirão das Neves
2881,31,Minas Gerais,315470,Ribeirão Vermelho
2882,31,Minas Gerais,315480,Rio Acima
2883,31,Minas Gerais,315490,Rio Casca
2884,31,Minas Gerais,315510,Rio do Prado
2885,31,Minas Gerais,315500,Rio Doce
2886,31,Minas Gerais,315520,Rio Espera
2887,31,Minas Gerais,315530,Rio Manso
2888,31,Minas Gerais,315540,Rio Novo
2889,31,Minas Gerais,315550,Rio Paranaíba
2890,31,Minas Gerais,315560,Rio Pardo de Minas
2891,31,Minas Gerais,315570,Rio Piracicaba
2892,31,Minas Gerais,315580,Rio Pomba
2893,31,Minas Gerais,315590,Rio Preto
2894,31,Minas Gerais,315600,Rio Vermelho
2895,31,Minas Gerais,315610,Ritápolis
2896,31,Minas Gerais,315620,Rochedo de Minas
2897,31,Minas Gerais,315630,Rodeiro
2898,31,Minas Gerais,315640,Romaria
2899,31,Minas Gerais,315645,Rosário da Limeira
2900,31,Minas Gerais,315650,Rubelita
2901,31,Minas Gerais,315660,Rubim
2902,31,Minas Gerais,315670,Sabará
2903,31,Minas Gerais,315680,Sabinópolis
2904,31,Minas Gerais,315690,Sacramento
2905,31,Minas Gerais,315700,Salinas
2906,31,Minas Gerais,315710,Salto da Divisa
2907,31,Minas Gerais,315720,Santa Bárbara
2908,31,Minas Gerais,315725,Santa Bárbara do Leste
2909,31,Minas Gerais,315727,Santa Bárbara do Monte Verde
2910,31,Minas Gerais,315730,Santa Bárbara do Tugúrio
2911,31,Minas Gerais,315733,Santa Cruz de Minas
2912,31,Minas Gerais,315737,Santa Cruz de Salinas
2913,31,Minas Gerais,315740,Santa Cruz do Escalvado
2914,31,Minas Gerais,315750,Santa Efigênia de Minas
2915,31,Minas Gerais,315760,Santa Fé de Minas
2916,31,Minas Gerais,315765,Santa Helena de Minas
2917,31,Minas Gerais,315770,Santa Juliana
2918,31,Minas Gerais,315780,Santa Luzia
2919,31,Minas Gerais,315790,Santa Margarida
2920,31,Minas Gerais,315800,Santa Maria de Itabira
2921,31,Minas Gerais,315810,Santa Maria do Salto
2922,31,Minas Gerais,315820,Santa Maria do Suaçuí
2923,31,Minas Gerais,315920,Santa Rita de Caldas
2924,31,Minas Gerais,315940,Santa Rita de Ibitipoca
2925,31,Minas Gerais,315930,Santa Rita de Jacutinga
2926,31,Minas Gerais,315935,Santa Rita de Minas
2927,31,Minas Gerais,315950,Santa Rita do Itueto
2928,31,Minas Gerais,315960,Santa Rita do Sapucaí
2929,31,Minas Gerais,315970,Santa Rosa da Serra
2930,31,Minas Gerais,315980,Santa Vitória
2931,31,Minas Gerais,315830,Santana da Vargem
2932,31,Minas Gerais,315840,Santana de Cataguases
2933,31,Minas Gerais,315850,Santana de Pirapama
2934,31,Minas Gerais,315860,Santana do Deserto
2935,31,Minas Gerais,315870,Santana do Garambéu
2936,31,Minas Gerais,315880,Santana do Jacaré
2937,31,Minas Gerais,315890,Santana do Manhuaçu
2938,31,Minas Gerais,315895,Santana do Paraíso
2939,31,Minas Gerais,315900,Santana do Riacho
2940,31,Minas Gerais,315910,Santana dos Montes
2941,31,Minas Gerais,315990,Santo Antônio do Amparo
2942,31,Minas Gerais,316000,Santo Antônio do Aventureiro
2943,31,Minas Gerais,316010,Santo Antônio do Grama
2944,31,Minas Gerais,316020,Santo Antônio do Itambé
2945,31,Minas Gerais,316030,Santo Antônio do Jacinto
2946,31,Minas Gerais,316040,Santo Antônio do Monte
2947,31,Minas Gerais,316045,Santo Antônio do Retiro
2948,31,Minas Gerais,316050,Santo Antônio do Rio Abaixo
2949,31,Minas Gerais,316060,Santo Hipólito
2950,31,Minas Gerais,316070,Santos Dumont
2951,31,Minas Gerais,316080,São Bento Abade
2952,31,Minas Gerais,316090,São Brás do Suaçuí
2953,31,Minas Gerais,316095,São Domingos das Dores
2954,31,Minas Gerais,316100,São Domingos do Prata
2955,31,Minas Gerais,316105,São Félix de Minas
2956,31,Minas Gerais,316110,São Francisco
2957,31,Minas Gerais,316120,São Francisco de Paula
2958,31,Minas Gerais,316130,São Francisco de Sales
2959,31,Minas Gerais,316140,São Francisco do Glória
2960,31,Minas Gerais,316150,São Geraldo
2961,31,Minas Gerais,316160,São Geraldo da Piedade
2962,31,Minas Gerais,316165,São Geraldo do Baixio
2963,31,Minas Gerais,316170,São Gonçalo do Abaeté
2964,31,Minas Gerais,316180,São Gonçalo do Pará
2965,31,Minas Gerais,316190,São Gonçalo do Rio Abaixo
2966,31,Minas Gerais,312550,São Gonçalo do Rio Preto
2967,31,Minas Gerais,316200,São Gonçalo do Sapucaí
2968,31,Minas Gerais,316210,São Gotardo
2969,31,Minas Gerais,316220,São João Batista do Glória
2970,31,Minas Gerais,316225,São João da Lagoa
2971,31,Minas Gerais,316230,São João da Mata
2972,31,Minas Gerais,316240,São João da Ponte
2973,31,Minas Gerais,316245,São João das Missões
2974,31,Minas Gerais,316250,São João del Rei
2975,31,Minas Gerais,316255,São João do Manhuaçu
2976,31,Minas Gerais,316257,São João do Manteninha
2977,31,Minas Gerais,316260,São João do Oriente
2978,31,Minas Gerais,316265,São João do Pacuí
2979,31,Minas Gerais,316270,São João do Paraíso
2980,31,Minas Gerais,316280,São João Evangelista
2981,31,Minas Gerais,316290,São João Nepomuceno
2982,31,Minas Gerais,316292,São Joaquim de Bicas
2983,31,Minas Gerais,316294,São José da Barra
2984,31,Minas Gerais,316295,São José da Lapa
2985,31,Minas Gerais,316300,São José da Safira
2986,31,Minas Gerais,316310,São José da Varginha
2987,31,Minas Gerais,316320,São José do Alegre
2988,31,Minas Gerais,316330,São José do Divino
2989,31,Minas Gerais,316340,São José do Goiabal
2990,31,Minas Gerais,316350,São José do Jacuri
2991,31,Minas Gerais,316360,São José do Mantimento
2992,31,Minas Gerais,316370,São Lourenço
2993,31,Minas Gerais,316380,São Miguel do Anta
2994,31,Minas Gerais,316390,São Pedro da União
2995,31,Minas Gerais,316410,São Pedro do Suaçuí
2996,31,Minas Gerais,316400,São Pedro dos Ferros
2997,31,Minas Gerais,316420,São Romão
2998,31,Minas Gerais,316430,São Roque de Minas
2999,31,Minas Gerais,316440,São Sebastião da Bela Vista
3000,31,Minas Gerais,316443,São Sebastião da Vargem Alegre
3001,31,Minas Gerais,316447,São Sebastião do Anta
3002,31,Minas Gerais,316450,São Sebastião do Maranhão
3003,31,Minas Gerais,316460,São Sebastião do Oeste
3004,31,Minas Gerais,316470,São Sebastião do Paraíso
3005,31,Minas Gerais,316480,São Sebastião do Rio Preto
3006,31,Minas Gerais,316490,São Sebastião do Rio Verde
3007,31,Minas Gerais,316500,São Tiago
3008,31,Minas Gerais,316510,São Tomás de Aquino
3009,31,Minas Gerais,316520,São Tomé das Letras
3010,31,Minas Gerais,316530,São Vicente de Minas
3011,31,Minas Gerais,316540,Sapucaí-Mirim
3012,31,Minas Gerais,316550,Sardoá
3013,31,Minas Gerais,316553,Sarzedo
3014,31,Minas Gerais,316556,Sem-Peixe
3015,31,Minas Gerais,316557,Senador Amaral
3016,31,Minas Gerais,316560,Senador Cortes
3017,31,Minas Gerais,316570,Senador Firmino
3018,31,Minas Gerais,316580,Senador José Bento
3019,31,Minas Gerais,316590,Senador Modestino Gonçalves
3020,31,Minas Gerais,316600,Senhora de Oliveira
3021,31,Minas Gerais,316610,Senhora do Porto
3022,31,Minas Gerais,316620,Senhora dos Remédios
3023,31,Minas Gerais,316630,Sericita
3024,31,Minas Gerais,316640,Seritinga
3025,31,Minas Gerais,316650,Serra Azul de Minas
3026,31,Minas Gerais,316660,Serra da Saudade
3027,31,Minas Gerais,316680,Serra do Salitre
3028,31,Minas Gerais,316670,Serra dos Aimorés
3029,31,Minas Gerais,316690,Serrania
3030,31,Minas Gerais,316695,Serranópolis de Minas
3031,31,Minas Gerais,316700,Serranos
3032,31,Minas Gerais,316710,Serro
3033,31,Minas Gerais,316720,Sete Lagoas
3034,31,Minas Gerais,316555,Setubinha
3035,31,Minas Gerais,316730,Silveirânia
3036,31,Minas Gerais,316740,Silvianópolis
3037,31,Minas Gerais,316750,Simão Pereira
3038,31,Minas Gerais,316760,Simonésia
3039,31,Minas Gerais,316770,Sobrália
3040,31,Minas Gerais,316780,Soledade de Minas
3041,31,Minas Gerais,316790,Tabuleiro
3042,31,Minas Gerais,316800,Taiobeiras
3043,31,Minas Gerais,316805,Taparuba
3044,31,Minas Gerais,316810,Tapira
3045,31,Minas Gerais,316820,Tapiraí
3046,31,Minas Gerais,316830,Taquaraçu de Minas
3047,31,Minas Gerais,316840,Tarumirim
3048,31,Minas Gerais,316850,Teixeiras
3049,31,Minas Gerais,316860,Teófilo Otoni
3050,31,Minas Gerais,316870,Timóteo
3051,31,Minas Gerais,316880,Tiradentes
3052,31,Minas Gerais,316890,Tiros
3053,31,Minas Gerais,316900,Tocantins
3054,31,Minas Gerais,316905,Tocos do Moji
3055,31,Minas Gerais,316910,Toledo
3056,31,Minas Gerais,316920,Tombos
3057,31,Minas Gerais,316930,Três Corações
3058,31,Minas Gerais,316935,Três Marias
3059,31,Minas Gerais,316940,Três Pontas
3060,31,Minas Gerais,316950,Tumiritinga
3061,31,Minas Gerais,316960,Tupaciguara
3062,31,Minas Gerais,316970,Turmalina
3063,31,Minas Gerais,316980,Turvolândia
3064,31,Minas Gerais,316990,Ubá
3065,31,Minas Gerais,317000,Ubaí
3066,31,Minas Gerais,317005,Ubaporanga
3067,31,Minas Gerais,317010,Uberaba
3068,31,Minas Gerais,317020,Uberlândia
3069,31,Minas Gerais,317030,Umburatiba
3070,31,Minas Gerais,317040,Unaí
3071,31,Minas Gerais,317043,União de Minas
3072,31,Minas Gerais,317047,Uruana de Minas
3073,31,Minas Gerais,317050,Urucânia
3074,31,Minas Gerais,317052,Urucuia
3075,31,Minas Gerais,317057,Vargem Alegre
3076,31,Minas Gerais,317060,Vargem Bonita
3077,31,Minas Gerais,317065,Vargem Grande do Rio Pardo
3078,31,Minas Gerais,317070,Varginha
3079,31,Minas Gerais,317075,Varjão de Minas
3080,31,Minas Gerais,317080,Várzea da Palma
3081,31,Minas Gerais,317090,Varzelândia
3082,31,Minas Gerais,317100,Vazante
3083,31,Minas Gerais,317103,Verdelândia
3084,31,Minas Gerais,317107,Veredinha
3085,31,Minas Gerais,317110,Veríssimo
3086,31,Minas Gerais,317115,Vermelho Novo
3087,31,Minas Gerais,317120,Vespasiano
3088,31,Minas Gerais,317130,Viçosa
3089,31,Minas Gerais,317140,Vieiras
3090,31,Minas Gerais,317160,Virgem da Lapa
3091,31,Minas Gerais,317170,Virgínia
3092,31,Minas Gerais,317180,Virginópolis
3093,31,Minas Gerais,317190,Virgolândia
3094,31,Minas Gerais,317200,Visconde do Rio Branco
3095,31,Minas Gerais,317210,Volta Grande
3096,31,Minas Gerais,317220,Wenceslau Braz
3097,32,Espírito Santo,320010,Afonso Cláudio
3098,32,Espírito Santo,320016,Água Doce do Norte
3099,32,Espírito Santo,320013,Águia Branca
3100,32,Espírito Santo,320020,Alegre
3101,32,Espírito Santo,320030,Alfredo Chaves
3102,32,Espírito Santo,320035,Alto Rio Novo
3103,32,Espírito Santo,320040,Anchieta
3104,32,Espírito Santo,320050,Apiacá
3105,32,Espírito Santo,320060,Aracruz
3106,32,Espírito Santo,320070,Atílio Vivácqua
3107,32,Espírito Santo,320080,Baixo Guandu
3108,32,Espírito Santo,320090,Barra de São Francisco
3109,32,Espírito Santo,320100,Boa Esperança
3110,32,Espírito Santo,320110,Bom Jesus do Norte
3111,32,Espírito Santo,320115,Brejetuba
3112,32,Espírito Santo,320120,Cachoeiro de Itapemirim
3113,32,Espírito Santo,320130,Cariacica
3114,32,Espírito Santo,320140,Castelo
3115,32,Espírito Santo,320150,Colatina
3116,32,Espírito Santo,320160,Conceição da Barra
3117,32,Espírito Santo,320170,Conceição do Castelo
3118,32,Espírito Santo,320180,Divino de São Lourenço
3119,32,Espírito Santo,320190,Domingos Martins
3120,32,Espírito Santo,320200,Dores do Rio Preto
3121,32,Espírito Santo,320210,Ecoporanga
3122,32,Espírito Santo,320220,Fundão
3123,32,Espírito Santo,320225,Governador Lindenberg
3124,32,Espírito Santo,320230,Guaçuí
3125,32,Espírito Santo,320240,Guarapari
3126,32,Espírito Santo,320245,Ibatiba
3127,32,Espírito Santo,320250,Ibiraçu
3128,32,Espírito Santo,320255,Ibitirama
3129,32,Espírito Santo,320260,Iconha
3130,32,Espírito Santo,320265,Irupi
3131,32,Espírito Santo,320270,Itaguaçu
3132,32,Espírito Santo,320280,Itapemirim
3133,32,Espírito Santo,320290,Itarana
3134,32,Espírito Santo,320300,Iúna
3135,32,Espírito Santo,320305,Jaguaré
3136,32,Espírito Santo,320310,Jerônimo Monteiro
3137,32,Espírito Santo,320313,João Neiva
3138,32,Espírito Santo,320316,Laranja da Terra
3139,32,Espírito Santo,320320,Linhares
3140,32,Espírito Santo,320330,Mantenópolis
3141,32,Espírito Santo,320332,Marataízes
3142,32,Espírito Santo,320334,Marechal Floriano
3143,32,Espírito Santo,320335,Marilândia
3144,32,Espírito Santo,320340,Mimoso do Sul
3145,32,Espírito Santo,320350,Montanha
3146,32,Espírito Santo,320360,Mucurici
3147,32,Espírito Santo,320370,Muniz Freire
3148,32,Espírito Santo,320380,Muqui
3149,32,Espírito Santo,320390,Nova Venécia
3150,32,Espírito Santo,320400,Pancas
3151,32,Espírito Santo,320405,Pedro Canário
3152,32,Espírito Santo,320410,Pinheiros
3153,32,Espírito Santo,320420,Piúma
3154,32,Espírito Santo,320425,Ponto Belo
3155,32,Espírito Santo,320430,Presidente Kennedy
3156,32,Espírito Santo,320435,Rio Bananal
3157,32,Espírito Santo,320440,Rio Novo do Sul
3158,32,Espírito Santo,320450,Santa Leopoldina
3159,32,Espírito Santo,320455,Santa Maria de Jetibá
3160,32,Espírito Santo,320460,Santa Teresa
3161,32,Espírito Santo,320465,São Domingos do Norte
3162,32,Espírito Santo,320470,São Gabriel da Palha
3163,32,Espírito Santo,320480,São José do Calçado
3164,32,Espírito Santo,320490,São Mateus
3165,32,Espírito Santo,320495,São Roque do Canaã
3166,32,Espírito Santo,320500,Serra
3167,32,Espírito Santo,320501,Sooretama
3168,32,Espírito Santo,320503,Vargem Alta
3169,32,Espírito Santo,320506,Venda Nova do Imigrante
3170,32,Espírito Santo,320510,Viana
3171,32,Espírito Santo,320515,Vila Pavão
3172,32,Espírito Santo,320517,Vila Valério
3173,32,Espírito Santo,320520,Vila Velha
3174,32,Espírito Santo,320530,Vitória
3175,33,Rio de Janeiro,330010,Angra dos Reis
3176,33,Rio de Janeiro,330015,Aperibé
3177,33,Rio de Janeiro,330020,Araruama
3178,33,Rio de Janeiro,330022,Areal
3179,33,Rio de Janeiro,330023,Armação dos Búzios
3180,33,Rio de Janeiro,330025,Arraial do Cabo
3181,33,Rio de Janeiro,330030,Barra do Piraí
3182,33,Rio de Janeiro,330040,Barra Mansa
3183,33,Rio de Janeiro,330045,Belford Roxo
3184,33,Rio de Janeiro,330050,Bom Jardim
3185,33,Rio de Janeiro,330060,Bom Jesus do Itabapoana
3186,33,Rio de Janeiro,330070,Cabo Frio
3187,33,Rio de Janeiro,330080,Cachoeiras de Macacu
3188,33,Rio de Janeiro,330090,Cambuci
3189,33,Rio de Janeiro,330100,Campos dos Goytacazes
3190,33,Rio de Janeiro,330110,Cantagalo
3191,33,Rio de Janeiro,330093,Carapebus
3192,33,Rio de Janeiro,330115,Cardoso Moreira
3193,33,Rio de Janeiro,330120,Carmo
3194,33,Rio de Janeiro,330130,Casimiro de Abreu
3195,33,Rio de Janeiro,330095,Comendador Levy Gasparian
3196,33,Rio de Janeiro,330140,Conceição de Macabu
3197,33,Rio de Janeiro,330150,Cordeiro
3198,33,Rio de Janeiro,330160,Duas Barras
3199,33,Rio de Janeiro,330170,Duque de Caxias
3200,33,Rio de Janeiro,330180,Engenheiro Paulo de Frontin
3201,33,Rio de Janeiro,330185,Guapimirim
3202,33,Rio de Janeiro,330187,Iguaba Grande
3203,33,Rio de Janeiro,330190,Itaboraí
3204,33,Rio de Janeiro,330200,Itaguaí
3205,33,Rio de Janeiro,330205,Italva
3206,33,Rio de Janeiro,330210,Itaocara
3207,33,Rio de Janeiro,330220,Itaperuna
3208,33,Rio de Janeiro,330225,Itatiaia
3209,33,Rio de Janeiro,330227,Japeri
3210,33,Rio de Janeiro,330230,Laje do Muriaé
3211,33,Rio de Janeiro,330240,Macaé
3212,33,Rio de Janeiro,330245,Macuco
3213,33,Rio de Janeiro,330250,Magé
3214,33,Rio de Janeiro,330260,Mangaratiba
3215,33,Rio de Janeiro,330270,Maricá
3216,33,Rio de Janeiro,330280,Mendes
3217,33,Rio de Janeiro,330285,Mesquita
3218,33,Rio de Janeiro,330290,Miguel Pereira
3219,33,Rio de Janeiro,330300,Miracema
3220,33,Rio de Janeiro,330310,Natividade
3221,33,Rio de Janeiro,330320,Nilópolis
3222,33,Rio de Janeiro,330330,Niterói
3223,33,Rio de Janeiro,330340,Nova Friburgo
3224,33,Rio de Janeiro,330350,Nova Iguaçu
3225,33,Rio de Janeiro,330360,Paracambi
3226,33,Rio de Janeiro,330370,Paraíba do Sul
3227,33,Rio de Janeiro,330380,Paraty
3228,33,Rio de Janeiro,330385,Paty do Alferes
3229,33,Rio de Janeiro,330390,Petrópolis
3230,33,Rio de Janeiro,330395,Pinheiral
3231,33,Rio de Janeiro,330400,Piraí
3232,33,Rio de Janeiro,330410,Porciúncula
3233,33,Rio de Janeiro,330411,Porto Real
3234,33,Rio de Janeiro,330412,Quatis
3235,33,Rio de Janeiro,330414,Queimados
3236,33,Rio de Janeiro,330415,Quissamã
3237,33,Rio de Janeiro,330420,Resende
3238,33,Rio de Janeiro,330430,Rio Bonito
3239,33,Rio de Janeiro,330440,Rio Claro
3240,33,Rio de Janeiro,330450,Rio das Flores
3241,33,Rio de Janeiro,330452,Rio das Ostras
3242,33,Rio de Janeiro,330455,Rio de Janeiro
3243,33,Rio de Janeiro,330460,Santa Maria Madalena
3244,33,Rio de Janeiro,330470,Santo Antônio de Pádua
3245,33,Rio de Janeiro,330480,São Fidélis
3246,33,Rio de Janeiro,330475,São Francisco de Itabapoana
3247,33,Rio de Janeiro,330490,São Gonçalo
3248,33,Rio de Janeiro,330500,São João da Barra
3249,33,Rio de Janeiro,330510,São João de Meriti
3250,33,Rio de Janeiro,330513,São José de Ubá
3251,33,Rio de Janeiro,330515,São José do Vale do Rio Preto
3252,33,Rio de Janeiro,330520,São Pedro da Aldeia
3253,33,Rio de Janeiro,330530,São Sebastião do Alto
3254,33,Rio de Janeiro,330540,Sapucaia
3255,33,Rio de Janeiro,330550,Saquarema
3256,33,Rio de Janeiro,330555,Seropédica
3257,33,Rio de Janeiro,330560,Silva Jardim
3258,33,Rio de Janeiro,330570,Sumidouro
3259,33,Rio de Janeiro,330575,Tanguá
3260,33,Rio de Janeiro,330580,Teresópolis
3261,33,Rio de Janeiro,330590,Trajano de Moraes
3262,33,Rio de Janeiro,330600,Três Rios
3263,33,Rio de Janeiro,330610,Valença
3264,33,Rio de Janeiro,330615,Varre-Sai
3265,33,Rio de Janeiro,330620,Vassouras
3266,33,Rio de Janeiro,330630,Volta Redonda
3267,35,São Paulo,350010,Adamantina
3268,35,São Paulo,350020,Adolfo
3269,35,São Paulo,350030,Aguaí
3270,35,São Paulo,350040,Águas da Prata
3271,35,São Paulo,350050,Águas de Lindóia
3272,35,São Paulo,350055,Águas de Santa Bárbara
3273,35,São Paulo,350060,Águas de São Pedro
3274,35,São Paulo,350070,Agudos
3275,35,São Paulo,350075,Alambari
3276,35,São Paulo,350080,Alfredo Marcondes
3277,35,São Paulo,350090,Altair
3278,35,São Paulo,350100,Altinópolis
3279,35,São Paulo,350110,Alto Alegre
3280,35,São Paulo,350115,Alumínio
3281,35,São Paulo,350120,Álvares Florence
3282,35,São Paulo,350130,Álvares Machado
3283,35,São Paulo,350140,Álvaro de Carvalho
3284,35,São Paulo,350150,Alvinlândia
3285,35,São Paulo,350160,Americana
3286,35,São Paulo,350170,Américo Brasiliense
3287,35,São Paulo,350180,Américo de Campos
3288,35,São Paulo,350190,Amparo
3289,35,São Paulo,350200,Analândia
3290,35,São Paulo,350210,Andradina
3291,35,São Paulo,350220,Angatuba
3292,35,São Paulo,350230,Anhembi
3293,35,São Paulo,350240,Anhumas
3294,35,São Paulo,350250,Aparecida
3295,35,São Paulo,350260,Aparecida d'Oeste
3296,35,São Paulo,350270,Apiaí
3297,35,São Paulo,350275,Araçariguama
3298,35,São Paulo,350280,Araçatuba
3299,35,São Paulo,350290,Araçoiaba da Serra
3300,35,São Paulo,350300,Aramina
3301,35,São Paulo,350310,Arandu
3302,35,São Paulo,350315,Arapeí
3303,35,São Paulo,350320,Araraquara
3304,35,São Paulo,350330,Araras
3305,35,São Paulo,350335,Arco-Íris
3306,35,São Paulo,350340,Arealva
3307,35,São Paulo,350350,Areias
3308,35,São Paulo,350360,Areiópolis
3309,35,São Paulo,350370,Ariranha
3310,35,São Paulo,350380,Artur Nogueira
3311,35,São Paulo,350390,Arujá
3312,35,São Paulo,350395,Aspásia
3313,35,São Paulo,350400,Assis
3314,35,São Paulo,350410,Atibaia
3315,35,São Paulo,350420,Auriflama
3316,35,São Paulo,350430,Avaí
3317,35,São Paulo,350440,Avanhandava
3318,35,São Paulo,350450,Avaré
3319,35,São Paulo,350460,Bady Bassitt
3320,35,São Paulo,350470,Balbinos
3321,35,São Paulo,350480,Bálsamo
3322,35,São Paulo,350490,Bananal
3323,35,São Paulo,350500,Barão de Antonina
3324,35,São Paulo,350510,Barbosa
3325,35,São Paulo,350520,Bariri
3326,35,São Paulo,350530,Barra Bonita
3327,35,São Paulo,350535,Barra do Chapéu
3328,35,São Paulo,350540,Barra do Turvo
3329,35,São Paulo,350550,Barretos
3330,35,São Paulo,350560,Barrinha
3331,35,São Paulo,350570,Barueri
3332,35,São Paulo,350580,Bastos
3333,35,São Paulo,350590,Batatais
3334,35,São Paulo,350600,Bauru
3335,35,São Paulo,350610,Bebedouro
3336,35,São Paulo,350620,Bento de Abreu
3337,35,São Paulo,350630,Bernardino de Campos
3338,35,São Paulo,350635,Bertioga
3339,35,São Paulo,350640,Bilac
3340,35,São Paulo,350650,Birigui
3341,35,São Paulo,350660,Biritiba Mirim
3342,35,São Paulo,350670,Boa Esperança do Sul
3343,35,São Paulo,350680,Bocaina
3344,35,São Paulo,350690,Bofete
3345,35,São Paulo,350700,Boituva
3346,35,São Paulo,350710,Bom Jesus dos Perdões
3347,35,São Paulo,350715,Bom Sucesso de Itararé
3348,35,São Paulo,350720,Borá
3349,35,São Paulo,350730,Boracéia
3350,35,São Paulo,350740,Borborema
3351,35,São Paulo,350745,Borebi
3352,35,São Paulo,350750,Botucatu
3353,35,São Paulo,350760,Bragança Paulista
3354,35,São Paulo,350770,Braúna
3355,35,São Paulo,350775,Brejo Alegre
3356,35,São Paulo,350780,Brodowski
3357,35,São Paulo,350790,Brotas
3358,35,São Paulo,350800,Buri
3359,35,São Paulo,350810,Buritama
3360,35,São Paulo,350820,Buritizal
3361,35,São Paulo,350830,Cabrália Paulista
3362,35,São Paulo,350840,Cabreúva
3363,35,São Paulo,350850,Caçapava
3364,35,São Paulo,350860,Cachoeira Paulista
3365,35,São Paulo,350870,Caconde
3366,35,São Paulo,350880,Cafelândia
3367,35,São Paulo,350890,Caiabu
3368,35,São Paulo,350900,Caieiras
3369,35,São Paulo,350910,Caiuá
3370,35,São Paulo,350920,Cajamar
3371,35,São Paulo,350925,Cajati
3372,35,São Paulo,350930,Cajobi
3373,35,São Paulo,350940,Cajuru
3374,35,São Paulo,350945,Campina do Monte Alegre
3375,35,São Paulo,350950,Campinas
3376,35,São Paulo,350960,Campo Limpo Paulista
3377,35,São Paulo,350970,Campos do Jordão
3378,35,São Paulo,350980,Campos Novos Paulista
3379,35,São Paulo,350990,Cananéia
3380,35,São Paulo,350995,Canas
3381,35,São Paulo,351000,Cândido Mota
3382,35,São Paulo,351010,Cândido Rodrigues
3383,35,São Paulo,351015,Canitar
3384,35,São Paulo,351020,Capão Bonito
3385,35,São Paulo,351030,Capela do Alto
3386,35,São Paulo,351040,Capivari
3387,35,São Paulo,351050,Caraguatatuba
3388,35,São Paulo,351060,Carapicuíba
3389,35,São Paulo,351070,Cardoso
3390,35,São Paulo,351080,Casa Branca
3391,35,São Paulo,351090,Cássia dos Coqueiros
3392,35,São Paulo,351100,Castilho
3393,35,São Paulo,351110,Catanduva
3394,35,São Paulo,351120,Catiguá
3395,35,São Paulo,351130,Cedral
3396,35,São Paulo,351140,Cerqueira César
3397,35,São Paulo,351150,Cerquilho
3398,35,São Paulo,351160,Cesário Lange
3399,35,São Paulo,351170,Charqueada
3400,35,São Paulo,355720,Chavantes
3401,35,São Paulo,351190,Clementina
3402,35,São Paulo,351200,Colina
3403,35,São Paulo,351210,Colômbia
3404,35,São Paulo,351220,Conchal
3405,35,São Paulo,351230,Conchas
3406,35,São Paulo,351240,Cordeirópolis
3407,35,São Paulo,351250,Coroados
3408,35,São Paulo,351260,Coronel Macedo
3409,35,São Paulo,351270,Corumbataí
3410,35,São Paulo,351280,Cosmópolis
3411,35,São Paulo,351290,Cosmorama
3412,35,São Paulo,351300,Cotia
3413,35,São Paulo,351310,Cravinhos
3414,35,São Paulo,351320,Cristais Paulista
3415,35,São Paulo,351330,Cruzália
3416,35,São Paulo,351340,Cruzeiro
3417,35,São Paulo,351350,Cubatão
3418,35,São Paulo,351360,Cunha
3419,35,São Paulo,351370,Descalvado
3420,35,São Paulo,351380,Diadema
3421,35,São Paulo,351385,Dirce Reis
3422,35,São Paulo,351390,Divinolândia
3423,35,São Paulo,351400,Dobrada
3424,35,São Paulo,351410,Dois Córregos
3425,35,São Paulo,351420,Dolcinópolis
3426,35,São Paulo,351430,Dourado
3427,35,São Paulo,351440,Dracena
3428,35,São Paulo,351450,Duartina
3429,35,São Paulo,351460,Dumont
3430,35,São Paulo,351470,Echaporã
3431,35,São Paulo,351480,Eldorado
3432,35,São Paulo,351490,Elias Fausto
3433,35,São Paulo,351492,Elisiário
3434,35,São Paulo,351495,Embaúba
3435,35,São Paulo,351500,Embu das Artes
3436,35,São Paulo,351510,Embu-Guaçu
3437,35,São Paulo,351512,Emilianópolis
3438,35,São Paulo,351515,Engenheiro Coelho
3439,35,São Paulo,351518,Espírito Santo do Pinhal
3440,35,São Paulo,351519,Espírito Santo do Turvo
3441,35,São Paulo,355730,Estiva Gerbi
3442,35,São Paulo,351530,Estrela do Norte
3443,35,São Paulo,351520,Estrela d'Oeste
3444,35,São Paulo,351535,Euclides da Cunha Paulista
3445,35,São Paulo,351540,Fartura
3446,35,São Paulo,351560,Fernando Prestes
3447,35,São Paulo,351550,Fernandópolis
3448,35,São Paulo,351565,Fernão
3449,35,São Paulo,351570,Ferraz de Vasconcelos
3450,35,São Paulo,351580,Flora Rica
3451,35,São Paulo,351590,Floreal
3452,35,São Paulo,351600,Flórida Paulista
3453,35,São Paulo,351610,Florínea
3454,35,São Paulo,351620,Franca
3455,35,São Paulo,351630,Francisco Morato
3456,35,São Paulo,351640,Franco da Rocha
3457,35,São Paulo,351650,Gabriel Monteiro
3458,35,São Paulo,351660,Gália
3459,35,São Paulo,351670,Garça
3460,35,São Paulo,351680,Gastão Vidigal
3461,35,São Paulo,351685,Gavião Peixoto
3462,35,São Paulo,351690,General Salgado
3463,35,São Paulo,351700,Getulina
3464,35,São Paulo,351710,Glicério
3465,35,São Paulo,351720,Guaiçara
3466,35,São Paulo,351730,Guaimbê
3467,35,São Paulo,351740,Guaíra
3468,35,São Paulo,351750,Guapiaçu
3469,35,São Paulo,351760,Guapiara
3470,35,São Paulo,351770,Guará
3471,35,São Paulo,351780,Guaraçaí
3472,35,São Paulo,351790,Guaraci
3473,35,São Paulo,351800,Guarani d'Oeste
3474,35,São Paulo,351810,Guarantã
3475,35,São Paulo,351820,Guararapes
3476,35,São Paulo,351830,Guararema
3477,35,São Paulo,351840,Guaratinguetá
3478,35,São Paulo,351850,Guareí
3479,35,São Paulo,351860,Guariba
3480,35,São Paulo,351870,Guarujá
3481,35,São Paulo,351880,Guarulhos
3482,35,São Paulo,351885,Guatapará
3483,35,São Paulo,351890,Guzolândia
3484,35,São Paulo,351900,Herculândia
3485,35,São Paulo,351905,Holambra
3486,35,São Paulo,351907,Hortolândia
3487,35,São Paulo,351910,Iacanga
3488,35,São Paulo,351920,Iacri
3489,35,São Paulo,351925,Iaras
3490,35,São Paulo,351930,Ibaté
3491,35,São Paulo,351940,Ibirá
3492,35,São Paulo,351950,Ibirarema
3493,35,São Paulo,351960,Ibitinga
3494,35,São Paulo,351970,Ibiúna
3495,35,São Paulo,351980,Icém
3496,35,São Paulo,351990,Iepê
3497,35,São Paulo,352000,Igaraçu do Tietê
3498,35,São Paulo,352010,Igarapava
3499,35,São Paulo,352020,Igaratá
3500,35,São Paulo,352030,Iguape
3501,35,São Paulo,352042,Ilha Comprida
3502,35,São Paulo,352044,Ilha Solteira
3503,35,São Paulo,352040,Ilhabela
3504,35,São Paulo,352050,Indaiatuba
3505,35,São Paulo,352060,Indiana
3506,35,São Paulo,352070,Indiaporã
3507,35,São Paulo,352080,Inúbia Paulista
3508,35,São Paulo,352090,Ipaussu
3509,35,São Paulo,352100,Iperó
3510,35,São Paulo,352110,Ipeúna
3511,35,São Paulo,352115,Ipiguá
3512,35,São Paulo,352120,Iporanga
3513,35,São Paulo,352130,Ipuã
3514,35,São Paulo,352140,Iracemápolis
3515,35,São Paulo,352150,Irapuã
3516,35,São Paulo,352160,Irapuru
3517,35,São Paulo,352170,Itaberá
3518,35,São Paulo,352180,Itaí
3519,35,São Paulo,352190,Itajobi
3520,35,São Paulo,352200,Itaju
3521,35,São Paulo,352210,Itanhaém
3522,35,São Paulo,352215,Itaoca
3523,35,São Paulo,352220,Itapecerica da Serra
3524,35,São Paulo,352230,Itapetininga
3525,35,São Paulo,352240,Itapeva
3526,35,São Paulo,352250,Itapevi
3527,35,São Paulo,352260,Itapira
3528,35,São Paulo,352265,Itapirapuã Paulista
3529,35,São Paulo,352270,Itápolis
3530,35,São Paulo,352280,Itaporanga
3531,35,São Paulo,352290,Itapuí
3532,35,São Paulo,352300,Itapura
3533,35,São Paulo,352310,Itaquaquecetuba
3534,35,São Paulo,352320,Itararé
3535,35,São Paulo,352330,Itariri
3536,35,São Paulo,352340,Itatiba
3537,35,São Paulo,352350,Itatinga
3538,35,São Paulo,352360,Itirapina
3539,35,São Paulo,352370,Itirapuã
3540,35,São Paulo,352380,Itobi
3541,35,São Paulo,352390,Itu
3542,35,São Paulo,352400,Itupeva
3543,35,São Paulo,352410,Ituverava
3544,35,São Paulo,352420,Jaborandi
3545,35,São Paulo,352430,Jaboticabal
3546,35,São Paulo,352440,Jacareí
3547,35,São Paulo,352450,Jaci
3548,35,São Paulo,352460,Jacupiranga
3549,35,São Paulo,352470,Jaguariúna
3550,35,São Paulo,352480,Jales
3551,35,São Paulo,352490,Jambeiro
3552,35,São Paulo,352500,Jandira
3553,35,São Paulo,352510,Jardinópolis
3554,35,São Paulo,352520,Jarinu
3555,35,São Paulo,352530,Jaú
3556,35,São Paulo,352540,Jeriquara
3557,35,São Paulo,352550,Joanópolis
3558,35,São Paulo,352560,João Ramalho
3559,35,São Paulo,352570,José Bonifácio
3560,35,São Paulo,352580,Júlio Mesquita
3561,35,São Paulo,352585,Jumirim
3562,35,São Paulo,352590,Jundiaí
3563,35,São Paulo,352600,Junqueirópolis
3564,35,São Paulo,352610,Juquiá
3565,35,São Paulo,352620,Juquitiba
3566,35,São Paulo,352630,Lagoinha
3567,35,São Paulo,352640,Laranjal Paulista
3568,35,São Paulo,352650,Lavínia
3569,35,São Paulo,352660,Lavrinhas
3570,35,São Paulo,352670,Leme
3571,35,São Paulo,352680,Lençóis Paulista
3572,35,São Paulo,352690,Limeira
3573,35,São Paulo,352700,Lindóia
3574,35,São Paulo,352710,Lins
3575,35,São Paulo,352720,Lorena
3576,35,São Paulo,352725,Lourdes
3577,35,São Paulo,352730,Louveira
3578,35,São Paulo,352740,Lucélia
3579,35,São Paulo,352750,Lucianópolis
3580,35,São Paulo,352760,Luís Antônio
3581,35,São Paulo,352770,Luiziânia
3582,35,São Paulo,352780,Lupércio
3583,35,São Paulo,352790,Lutécia
3584,35,São Paulo,352800,Macatuba
3585,35,São Paulo,352810,Macaubal
3586,35,São Paulo,352820,Macedônia
3587,35,São Paulo,352830,Magda
3588,35,São Paulo,352840,Mairinque
3589,35,São Paulo,352850,Mairiporã
3590,35,São Paulo,352860,Manduri
3591,35,São Paulo,352870,Marabá Paulista
3592,35,São Paulo,352880,Maracaí
3593,35,São Paulo,352885,Marapoama
3594,35,São Paulo,352890,Mariápolis
3595,35,São Paulo,352900,Marília
3596,35,São Paulo,352910,Marinópolis
3597,35,São Paulo,352920,Martinópolis
3598,35,São Paulo,352930,Matão
3599,35,São Paulo,352940,Mauá
3600,35,São Paulo,352950,Mendonça
3601,35,São Paulo,352960,Meridiano
3602,35,São Paulo,352965,Mesópolis
3603,35,São Paulo,352970,Miguelópolis
3604,35,São Paulo,352980,Mineiros do Tietê
3605,35,São Paulo,353000,Mira Estrela
3606,35,São Paulo,352990,Miracatu
3607,35,São Paulo,353010,Mirandópolis
3608,35,São Paulo,353020,Mirante do Paranapanema
3609,35,São Paulo,353030,Mirassol
3610,35,São Paulo,353040,Mirassolândia
3611,35,São Paulo,353050,Mococa
3612,35,São Paulo,353060,Mogi das Cruzes
3613,35,São Paulo,353070,Mogi Guaçu
3614,35,São Paulo,353080,Mogi Mirim
3615,35,São Paulo,353090,Mombuca
3616,35,São Paulo,353100,Monções
3617,35,São Paulo,353110,Mongaguá
3618,35,São Paulo,353120,Monte Alegre do Sul
3619,35,São Paulo,353130,Monte Alto
3620,35,São Paulo,353140,Monte Aprazível
3621,35,São Paulo,353150,Monte Azul Paulista
3622,35,São Paulo,353160,Monte Castelo
3623,35,São Paulo,353180,Monte Mor
3624,35,São Paulo,353170,Monteiro Lobato
3625,35,São Paulo,353190,Morro Agudo
3626,35,São Paulo,353200,Morungaba
3627,35,São Paulo,353205,Motuca
3628,35,São Paulo,353210,Murutinga do Sul
3629,35,São Paulo,353215,Nantes
3630,35,São Paulo,353220,Narandiba
3631,35,São Paulo,353230,Natividade da Serra
3632,35,São Paulo,353240,Nazaré Paulista
3633,35,São Paulo,353250,Neves Paulista
3634,35,São Paulo,353260,Nhandeara
3635,35,São Paulo,353270,Nipoã
3636,35,São Paulo,353280,Nova Aliança
3637,35,São Paulo,353282,Nova Campina
3638,35,São Paulo,353284,Nova Canaã Paulista
3639,35,São Paulo,353286,Nova Castilho
3640,35,São Paulo,353290,Nova Europa
3641,35,São Paulo,353300,Nova Granada
3642,35,São Paulo,353310,Nova Guataporanga
3643,35,São Paulo,353320,Nova Independência
3644,35,São Paulo,353330,Nova Luzitânia
3645,35,São Paulo,353340,Nova Odessa
3646,35,São Paulo,353325,Novais
3647,35,São Paulo,353350,Novo Horizonte
3648,35,São Paulo,353360,Nuporanga
3649,35,São Paulo,353370,Ocauçu
3650,35,São Paulo,353380,Óleo
3651,35,São Paulo,353390,Olímpia
3652,35,São Paulo,353400,Onda Verde
3653,35,São Paulo,353410,Oriente
3654,35,São Paulo,353420,Orindiúva
3655,35,São Paulo,353430,Orlândia
3656,35,São Paulo,353440,Osasco
3657,35,São Paulo,353450,Oscar Bressane
3658,35,São Paulo,353460,Osvaldo Cruz
3659,35,São Paulo,353470,Ourinhos
3660,35,São Paulo,353480,Ouro Verde
3661,35,São Paulo,353475,Ouroeste
3662,35,São Paulo,353490,Pacaembu
3663,35,São Paulo,353500,Palestina
3664,35,São Paulo,353510,Palmares Paulista
3665,35,São Paulo,353520,Palmeira d'Oeste
3666,35,São Paulo,353530,Palmital
3667,35,São Paulo,353540,Panorama
3668,35,São Paulo,353550,Paraguaçu Paulista
3669,35,São Paulo,353560,Paraibuna
3670,35,São Paulo,353570,Paraíso
3671,35,São Paulo,353580,Paranapanema
3672,35,São Paulo,353590,Paranapuã
3673,35,São Paulo,353600,Parapuã
3674,35,São Paulo,353610,Pardinho
3675,35,São Paulo,353620,Pariquera-Açu
3676,35,São Paulo,353625,Parisi
3677,35,São Paulo,353630,Patrocínio Paulista
3678,35,São Paulo,353640,Paulicéia
3679,35,São Paulo,353650,Paulínia
3680,35,São Paulo,353657,Paulistânia
3681,35,São Paulo,353660,Paulo de Faria
3682,35,São Paulo,353670,Pederneiras
3683,35,São Paulo,353680,Pedra Bela
3684,35,São Paulo,353690,Pedranópolis
3685,35,São Paulo,353700,Pedregulho
3686,35,São Paulo,353710,Pedreira
3687,35,São Paulo,353715,Pedrinhas Paulista
3688,35,São Paulo,353720,Pedro de Toledo
3689,35,São Paulo,353730,Penápolis
3690,35,São Paulo,353740,Pereira Barreto
3691,35,São Paulo,353750,Pereiras
3692,35,São Paulo,353760,Peruíbe
3693,35,São Paulo,353770,Piacatu
3694,35,São Paulo,353780,Piedade
3695,35,São Paulo,353790,Pilar do Sul
3696,35,São Paulo,353800,Pindamonhangaba
3697,35,São Paulo,353810,Pindorama
3698,35,São Paulo,353820,Pinhalzinho
3699,35,São Paulo,353830,Piquerobi
3700,35,São Paulo,353850,Piquete
3701,35,São Paulo,353860,Piracaia
3702,35,São Paulo,353870,Piracicaba
3703,35,São Paulo,353880,Piraju
3704,35,São Paulo,353890,Pirajuí
3705,35,São Paulo,353900,Pirangi
3706,35,São Paulo,353910,Pirapora do Bom Jesus
3707,35,São Paulo,353920,Pirapozinho
3708,35,São Paulo,353930,Pirassununga
3709,35,São Paulo,353940,Piratininga
3710,35,São Paulo,353950,Pitangueiras
3711,35,São Paulo,353960,Planalto
3712,35,São Paulo,353970,Platina
3713,35,São Paulo,353980,Poá
3714,35,São Paulo,353990,Poloni
3715,35,São Paulo,354000,Pompéia
3716,35,São Paulo,354010,Pongaí
3717,35,São Paulo,354020,Pontal
3718,35,São Paulo,354025,Pontalinda
3719,35,São Paulo,354030,Pontes Gestal
3720,35,São Paulo,354040,Populina
3721,35,São Paulo,354050,Porangaba
3722,35,São Paulo,354060,Porto Feliz
3723,35,São Paulo,354070,Porto Ferreira
3724,35,São Paulo,354075,Potim
3725,35,São Paulo,354080,Potirendaba
3726,35,São Paulo,354085,Pracinha
3727,35,São Paulo,354090,Pradópolis
3728,35,São Paulo,354100,Praia Grande
3729,35,São Paulo,354105,Pratânia
3730,35,São Paulo,354110,Presidente Alves
3731,35,São Paulo,354120,Presidente Bernardes
3732,35,São Paulo,354130,Presidente Epitácio
3733,35,São Paulo,354140,Presidente Prudente
3734,35,São Paulo,354150,Presidente Venceslau
3735,35,São Paulo,354160,Promissão
3736,35,São Paulo,354165,Quadra
3737,35,São Paulo,354170,Quatá
3738,35,São Paulo,354180,Queiroz
3739,35,São Paulo,354190,Queluz
3740,35,São Paulo,354200,Quintana
3741,35,São Paulo,354210,Rafard
3742,35,São Paulo,354220,Rancharia
3743,35,São Paulo,354230,Redenção da Serra
3744,35,São Paulo,354240,Regente Feijó
3745,35,São Paulo,354250,Reginópolis
3746,35,São Paulo,354260,Registro
3747,35,São Paulo,354270,Restinga
3748,35,São Paulo,354280,Ribeira
3749,35,São Paulo,354290,Ribeirão Bonito
3750,35,São Paulo,354300,Ribeirão Branco
3751,35,São Paulo,354310,Ribeirão Corrente
3752,35,São Paulo,354320,Ribeirão do Sul
3753,35,São Paulo,354323,Ribeirão dos Índios
3754,35,São Paulo,354325,Ribeirão Grande
3755,35,São Paulo,354330,Ribeirão Pires
3756,35,São Paulo,354340,Ribeirão Preto
3757,35,São Paulo,354360,Rifaina
3758,35,São Paulo,354370,Rincão
3759,35,São Paulo,354380,Rinópolis
3760,35,São Paulo,354390,Rio Claro
3761,35,São Paulo,354400,Rio das Pedras
3762,35,São Paulo,354410,Rio Grande da Serra
3763,35,São Paulo,354420,Riolândia
3764,35,São Paulo,354350,Riversul
3765,35,São Paulo,354425,Rosana
3766,35,São Paulo,354430,Roseira
3767,35,São Paulo,354440,Rubiácea
3768,35,São Paulo,354450,Rubinéia
3769,35,São Paulo,354460,Sabino
3770,35,São Paulo,354470,Sagres
3771,35,São Paulo,354480,Sales
3772,35,São Paulo,354490,Sales Oliveira
3773,35,São Paulo,354500,Salesópolis
3774,35,São Paulo,354510,Salmourão
3775,35,São Paulo,354515,Saltinho
3776,35,São Paulo,354520,Salto
3777,35,São Paulo,354530,Salto de Pirapora
3778,35,São Paulo,354540,Salto Grande
3779,35,São Paulo,354550,Sandovalina
3780,35,São Paulo,354560,Santa Adélia
3781,35,São Paulo,354570,Santa Albertina
3782,35,São Paulo,354580,Santa Bárbara d'Oeste
3783,35,São Paulo,354600,Santa Branca
3784,35,São Paulo,354610,Santa Clara d'Oeste
3785,35,São Paulo,354620,Santa Cruz da Conceição
3786,35,São Paulo,354625,Santa Cruz da Esperança
3787,35,São Paulo,354630,Santa Cruz das Palmeiras
3788,35,São Paulo,354640,Santa Cruz do Rio Pardo
3789,35,São Paulo,354650,Santa Ernestina
3790,35,São Paulo,354660,Santa Fé do Sul
3791,35,São Paulo,354670,Santa Gertrudes
3792,35,São Paulo,354680,Santa Isabel
3793,35,São Paulo,354690,Santa Lúcia
3794,35,São Paulo,354700,Santa Maria da Serra
3795,35,São Paulo,354710,Santa Mercedes
3796,35,São Paulo,354750,Santa Rita do Passa Quatro
3797,35,São Paulo,354740,Santa Rita d'Oeste
3798,35,São Paulo,354760,Santa Rosa de Viterbo
3799,35,São Paulo,354765,Santa Salete
3800,35,São Paulo,354720,Santana da Ponte Pensa
3801,35,São Paulo,354730,Santana de Parnaíba
3802,35,São Paulo,354770,Santo Anastácio
3803,35,São Paulo,354780,Santo André
3804,35,São Paulo,354790,Santo Antônio da Alegria
3805,35,São Paulo,354800,Santo Antônio de Posse
3806,35,São Paulo,354805,Santo Antônio do Aracanguá
3807,35,São Paulo,354810,Santo Antônio do Jardim
3808,35,São Paulo,354820,Santo Antônio do Pinhal
3809,35,São Paulo,354830,Santo Expedito
3810,35,São Paulo,354840,Santópolis do Aguapeí
3811,35,São Paulo,354850,Santos
3812,35,São Paulo,354860,São Bento do Sapucaí
3813,35,São Paulo,354870,São Bernardo do Campo
3814,35,São Paulo,354880,São Caetano do Sul
3815,35,São Paulo,354890,São Carlos
3816,35,São Paulo,354900,São Francisco
3817,35,São Paulo,354910,São João da Boa Vista
3818,35,São Paulo,354920,São João das Duas Pontes
3819,35,São Paulo,354925,São João de Iracema
3820,35,São Paulo,354930,São João do Pau d'Alho
3821,35,São Paulo,354940,São Joaquim da Barra
3822,35,São Paulo,354950,São José da Bela Vista
3823,35,São Paulo,354960,São José do Barreiro
3824,35,São Paulo,354970,São José do Rio Pardo
3825,35,São Paulo,354980,São José do Rio Preto
3826,35,São Paulo,354990,São José dos Campos
3827,35,São Paulo,354995,São Lourenço da Serra
3828,35,São Paulo,355000,São Luiz do Paraitinga
3829,35,São Paulo,355010,São Manuel
3830,35,São Paulo,355020,São Miguel Arcanjo
3831,35,São Paulo,355030,São Paulo
3832,35,São Paulo,355040,São Pedro
3833,35,São Paulo,355050,São Pedro do Turvo
3834,35,São Paulo,355060,São Roque
3835,35,São Paulo,355070,São Sebastião
3836,35,São Paulo,355080,São Sebastião da Grama
3837,35,São Paulo,355090,São Simão
3838,35,São Paulo,355100,São Vicente
3839,35,São Paulo,355110,Sarapuí
3840,35,São Paulo,355120,Sarutaiá
3841,35,São Paulo,355130,Sebastianópolis do Sul
3842,35,São Paulo,355140,Serra Azul
3843,35,São Paulo,355160,Serra Negra
3844,35,São Paulo,355150,Serrana
3845,35,São Paulo,355170,Sertãozinho
3846,35,São Paulo,355180,Sete Barras
3847,35,São Paulo,355190,Severínia
3848,35,São Paulo,355200,Silveiras
3849,35,São Paulo,355210,Socorro
3850,35,São Paulo,355220,Sorocaba
3851,35,São Paulo,355230,Sud Mennucci
3852,35,São Paulo,355240,Sumaré
3853,35,São Paulo,355255,Suzanápolis
3854,35,São Paulo,355250,Suzano
3855,35,São Paulo,355260,Tabapuã
3856,35,São Paulo,355270,Tabatinga
3857,35,São Paulo,355280,Taboão da Serra
3858,35,São Paulo,355290,Taciba
3859,35,São Paulo,355300,Taguaí
3860,35,São Paulo,355310,Taiaçu
3861,35,São Paulo,355320,Taiúva
3862,35,São Paulo,355330,Tambaú
3863,35,São Paulo,355340,Tanabi
3864,35,São Paulo,355350,Tapiraí
3865,35,São Paulo,355360,Tapiratiba
3866,35,São Paulo,355365,Taquaral
3867,35,São Paulo,355370,Taquaritinga
3868,35,São Paulo,355380,Taquarituba
3869,35,São Paulo,355385,Taquarivaí
3870,35,São Paulo,355390,Tarabai
3871,35,São Paulo,355395,Tarumã
3872,35,São Paulo,355400,Tatuí
3873,35,São Paulo,355410,Taubaté
3874,35,São Paulo,355420,Tejupá
3875,35,São Paulo,355430,Teodoro Sampaio
3876,35,São Paulo,355440,Terra Roxa
3877,35,São Paulo,355450,Tietê
3878,35,São Paulo,355460,Timburi
3879,35,São Paulo,355465,Torre de Pedra
3880,35,São Paulo,355470,Torrinha
3881,35,São Paulo,355475,Trabiju
3882,35,São Paulo,355480,Tremembé
3883,35,São Paulo,355490,Três Fronteiras
3884,35,São Paulo,355495,Tuiuti
3885,35,São Paulo,355500,Tupã
3886,35,São Paulo,355510,Tupi Paulista
3887,35,São Paulo,355520,Turiúba
3888,35,São Paulo,355530,Turmalina
3889,35,São Paulo,355535,Ubarana
3890,35,São Paulo,355540,Ubatuba
3891,35,São Paulo,355550,Ubirajara
3892,35,São Paulo,355560,Uchoa
3893,35,São Paulo,355570,União Paulista
3894,35,São Paulo,355580,Urânia
3895,35,São Paulo,355590,Uru
3896,35,São Paulo,355600,Urupês
3897,35,São Paulo,355610,Valentim Gentil
3898,35,São Paulo,355620,Valinhos
3899,35,São Paulo,355630,Valparaíso
3900,35,São Paulo,355635,Vargem
3901,35,São Paulo,355640,Vargem Grande do Sul
3902,35,São Paulo,355645,Vargem Grande Paulista
3903,35,São Paulo,355650,Várzea Paulista
3904,35,São Paulo,355660,Vera Cruz
3905,35,São Paulo,355670,Vinhedo
3906,35,São Paulo,355680,Viradouro
3907,35,São Paulo,355690,Vista Alegre do Alto
3908,35,São Paulo,355695,Vitória Brasil
3909,35,São Paulo,355700,Votorantim
3910,35,São Paulo,355710,Votuporanga
3911,35,São Paulo,355715,Zacarias
3912,41,Paraná,410010,Abatiá
3913,41,Paraná,410020,Adrianópolis
3914,41,Paraná,410030,Agudos do Sul
3915,41,Paraná,410040,Almirante Tamandaré
3916,41,Paraná,410045,Altamira do Paraná
3917,41,Paraná,412862,Alto Paraíso
3918,41,Paraná,410060,Alto Paraná
3919,41,Paraná,410070,Alto Piquiri
3920,41,Paraná,410050,Altônia
3921,41,Paraná,410080,Alvorada do Sul
3922,41,Paraná,410090,Amaporã
3923,41,Paraná,410100,Ampére
3924,41,Paraná,410105,Anahy
3925,41,Paraná,410110,Andirá
3926,41,Paraná,410115,Ângulo
3927,41,Paraná,410120,Antonina
3928,41,Paraná,410130,Antônio Olinto
3929,41,Paraná,410140,Apucarana
3930,41,Paraná,410150,Arapongas
3931,41,Paraná,410160,Arapoti
3932,41,Paraná,410165,Arapuã
3933,41,Paraná,410170,Araruna
3934,41,Paraná,410180,Araucária
3935,41,Paraná,410185,Ariranha do Ivaí
3936,41,Paraná,410190,Assaí
3937,41,Paraná,410200,Assis Chateaubriand
3938,41,Paraná,410210,Astorga
3939,41,Paraná,410220,Atalaia
3940,41,Paraná,410230,Balsa Nova
3941,41,Paraná,410240,Bandeirantes
3942,41,Paraná,410250,Barbosa Ferraz
3943,41,Paraná,410270,Barra do Jacaré
3944,41,Paraná,410260,Barracão
3945,41,Paraná,410275,Bela Vista da Caroba
3946,41,Paraná,410280,Bela Vista do Paraíso
3947,41,Paraná,410290,Bituruna
3948,41,Paraná,410300,Boa Esperança
3949,41,Paraná,410302,Boa Esperança do Iguaçu
3950,41,Paraná,410304,Boa Ventura de São Roque
3951,41,Paraná,410305,Boa Vista da Aparecida
3952,41,Paraná,410310,Bocaiúva do Sul
3953,41,Paraná,410315,Bom Jesus do Sul
3954,41,Paraná,410320,Bom Sucesso
3955,41,Paraná,410322,Bom Sucesso do Sul
3956,41,Paraná,410330,Borrazópolis
3957,41,Paraná,410335,Braganey
3958,41,Paraná,410337,Brasilândia do Sul
3959,41,Paraná,410340,Cafeara
3960,41,Paraná,410345,Cafelândia
3961,41,Paraná,410347,Cafezal do Sul
3962,41,Paraná,410350,Califórnia
3963,41,Paraná,410360,Cambará
3964,41,Paraná,410370,Cambé
3965,41,Paraná,410380,Cambira
3966,41,Paraná,410390,Campina da Lagoa
3967,41,Paraná,410395,Campina do Simão
3968,41,Paraná,410400,Campina Grande do Sul
3969,41,Paraná,410405,Campo Bonito
3970,41,Paraná,410410,Campo do Tenente
3971,41,Paraná,410420,Campo Largo
3972,41,Paraná,410425,Campo Magro
3973,41,Paraná,410430,Campo Mourão
3974,41,Paraná,410440,Cândido de Abreu
3975,41,Paraná,410442,Candói
3976,41,Paraná,410445,Cantagalo
3977,41,Paraná,410450,Capanema
3978,41,Paraná,410460,Capitão Leônidas Marques
3979,41,Paraná,410465,Carambeí
3980,41,Paraná,410470,Carlópolis
3981,41,Paraná,410480,Cascavel
3982,41,Paraná,410490,Castro
3983,41,Paraná,410500,Catanduvas
3984,41,Paraná,410510,Centenário do Sul
3985,41,Paraná,410520,Cerro Azul
3986,41,Paraná,410530,Céu Azul
3987,41,Paraná,410540,Chopinzinho
3988,41,Paraná,410550,Cianorte
3989,41,Paraná,410560,Cidade Gaúcha
3990,41,Paraná,410570,Clevelândia
3991,41,Paraná,410580,Colombo
3992,41,Paraná,410590,Colorado
3993,41,Paraná,410600,Congonhinhas
3994,41,Paraná,410610,Conselheiro Mairinck
3995,41,Paraná,410620,Contenda
3996,41,Paraná,410630,Corbélia
3997,41,Paraná,410640,Cornélio Procópio
3998,41,Paraná,410645,Coronel Domingos Soares
3999,41,Paraná,410650,Coronel Vivida
4000,41,Paraná,410655,Corumbataí do Sul
4001,41,Paraná,410680,Cruz Machado
4002,41,Paraná,410657,Cruzeiro do Iguaçu
4003,41,Paraná,410660,Cruzeiro do Oeste
4004,41,Paraná,410670,Cruzeiro do Sul
4005,41,Paraná,410685,Cruzmaltina
4006,41,Paraná,410690,Curitiba
4007,41,Paraná,410700,Curiúva
4008,41,Paraná,410710,Diamante do Norte
4009,41,Paraná,410712,Diamante do Sul
4010,41,Paraná,410715,Diamante D'Oeste
4011,41,Paraná,410720,Dois Vizinhos
4012,41,Paraná,410725,Douradina
4013,41,Paraná,410730,Doutor Camargo
4014,41,Paraná,412863,Doutor Ulysses
4015,41,Paraná,410740,Enéas Marques
4016,41,Paraná,410750,Engenheiro Beltrão
4017,41,Paraná,410753,Entre Rios do Oeste
4018,41,Paraná,410752,Esperança Nova
4019,41,Paraná,410754,Espigão Alto do Iguaçu
4020,41,Paraná,410755,Farol
4021,41,Paraná,410760,Faxinal
4022,41,Paraná,410765,Fazenda Rio Grande
4023,41,Paraná,410770,Fênix
4024,41,Paraná,410773,Fernandes Pinheiro
4025,41,Paraná,410775,Figueira
4026,41,Paraná,410785,Flor da Serra do Sul
4027,41,Paraná,410780,Floraí
4028,41,Paraná,410790,Floresta
4029,41,Paraná,410800,Florestópolis
4030,41,Paraná,410810,Flórida
4031,41,Paraná,410820,Formosa do Oeste
4032,41,Paraná,410830,Foz do Iguaçu
4033,41,Paraná,410845,Foz do Jordão
4034,41,Paraná,410832,Francisco Alves
4035,41,Paraná,410840,Francisco Beltrão
4036,41,Paraná,410850,General Carneiro
4037,41,Paraná,410855,Godoy Moreira
4038,41,Paraná,410860,Goioerê
4039,41,Paraná,410865,Goioxim
4040,41,Paraná,410870,Grandes Rios
4041,41,Paraná,410880,Guaíra
4042,41,Paraná,410890,Guairaçá
4043,41,Paraná,410895,Guamiranga
4044,41,Paraná,410900,Guapirama
4045,41,Paraná,410910,Guaporema
4046,41,Paraná,410920,Guaraci
4047,41,Paraná,410930,Guaraniaçu
4048,41,Paraná,410940,Guarapuava
4049,41,Paraná,410950,Guaraqueçaba
4050,41,Paraná,410960,Guaratuba
4051,41,Paraná,410965,Honório Serpa
4052,41,Paraná,410970,Ibaiti
4053,41,Paraná,410975,Ibema
4054,41,Paraná,410980,Ibiporã
4055,41,Paraná,410990,Icaraíma
4056,41,Paraná,411000,Iguaraçu
4057,41,Paraná,411005,Iguatu
4058,41,Paraná,411007,Imbaú
4059,41,Paraná,411010,Imbituva
4060,41,Paraná,411020,Inácio Martins
4061,41,Paraná,411030,Inajá
4062,41,Paraná,411040,Indianópolis
4063,41,Paraná,411050,Ipiranga
4064,41,Paraná,411060,Iporã
4065,41,Paraná,411065,Iracema do Oeste
4066,41,Paraná,411070,Irati
4067,41,Paraná,411080,Iretama
4068,41,Paraná,411090,Itaguajé
4069,41,Paraná,411095,Itaipulândia
4070,41,Paraná,411100,Itambaracá
4071,41,Paraná,411110,Itambé
4072,41,Paraná,411120,Itapejara d'Oeste
4073,41,Paraná,411125,Itaperuçu
4074,41,Paraná,411130,Itaúna do Sul
4075,41,Paraná,411140,Ivaí
4076,41,Paraná,411150,Ivaiporã
4077,41,Paraná,411155,Ivaté
4078,41,Paraná,411160,Ivatuba
4079,41,Paraná,411170,Jaboti
4080,41,Paraná,411180,Jacarezinho
4081,41,Paraná,411190,Jaguapitã
4082,41,Paraná,411200,Jaguariaíva
4083,41,Paraná,411210,Jandaia do Sul
4084,41,Paraná,411220,Janiópolis
4085,41,Paraná,411230,Japira
4086,41,Paraná,411240,Japurá
4087,41,Paraná,411250,Jardim Alegre
4088,41,Paraná,411260,Jardim Olinda
4089,41,Paraná,411270,Jataizinho
4090,41,Paraná,411275,Jesuítas
4091,41,Paraná,411280,Joaquim Távora
4092,41,Paraná,411290,Jundiaí do Sul
4093,41,Paraná,411295,Juranda
4094,41,Paraná,411300,Jussara
4095,41,Paraná,411310,Kaloré
4096,41,Paraná,411320,Lapa
4097,41,Paraná,411325,Laranjal
4098,41,Paraná,411330,Laranjeiras do Sul
4099,41,Paraná,411340,Leópolis
4100,41,Paraná,411342,Lidianópolis
4101,41,Paraná,411345,Lindoeste
4102,41,Paraná,411350,Loanda
4103,41,Paraná,411360,Lobato
4104,41,Paraná,411370,Londrina
4105,41,Paraná,411373,Luiziana
4106,41,Paraná,411375,Lunardelli
4107,41,Paraná,411380,Lupionópolis
4108,41,Paraná,411390,Mallet
4109,41,Paraná,411400,Mamborê
4110,41,Paraná,411410,Mandaguaçu
4111,41,Paraná,411420,Mandaguari
4112,41,Paraná,411430,Mandirituba
4113,41,Paraná,411435,Manfrinópolis
4114,41,Paraná,411440,Mangueirinha
4115,41,Paraná,411450,Manoel Ribas
4116,41,Paraná,411460,Marechal Cândido Rondon
4117,41,Paraná,411470,Maria Helena
4118,41,Paraná,411480,Marialva
4119,41,Paraná,411490,Marilândia do Sul
4120,41,Paraná,411500,Marilena
4121,41,Paraná,411510,Mariluz
4122,41,Paraná,411520,Maringá
4123,41,Paraná,411530,Mariópolis
4124,41,Paraná,411535,Maripá
4125,41,Paraná,411540,Marmeleiro
4126,41,Paraná,411545,Marquinho
4127,41,Paraná,411550,Marumbi
4128,41,Paraná,411560,Matelândia
4129,41,Paraná,411570,Matinhos
4130,41,Paraná,411573,Mato Rico
4131,41,Paraná,411575,Mauá da Serra
4132,41,Paraná,411580,Medianeira
4133,41,Paraná,411585,Mercedes
4134,41,Paraná,411590,Mirador
4135,41,Paraná,411600,Miraselva
4136,41,Paraná,411605,Missal
4137,41,Paraná,411610,Moreira Sales
4138,41,Paraná,411620,Morretes
4139,41,Paraná,411630,Munhoz de Melo
4140,41,Paraná,411640,Nossa Senhora das Graças
4141,41,Paraná,411650,Nova Aliança do Ivaí
4142,41,Paraná,411660,Nova América da Colina
4143,41,Paraná,411670,Nova Aurora
4144,41,Paraná,411680,Nova Cantu
4145,41,Paraná,411690,Nova Esperança
4146,41,Paraná,411695,Nova Esperança do Sudoeste
4147,41,Paraná,411700,Nova Fátima
4148,41,Paraná,411705,Nova Laranjeiras
4149,41,Paraná,411710,Nova Londrina
4150,41,Paraná,411720,Nova Olímpia
4151,41,Paraná,411725,Nova Prata do Iguaçu
4152,41,Paraná,411721,Nova Santa Bárbara
4153,41,Paraná,411722,Nova Santa Rosa
4154,41,Paraná,411727,Nova Tebas
4155,41,Paraná,411729,Novo Itacolomi
4156,41,Paraná,411730,Ortigueira
4157,41,Paraná,411740,Ourizona
4158,41,Paraná,411745,Ouro Verde do Oeste
4159,41,Paraná,411750,Paiçandu
4160,41,Paraná,411760,Palmas
4161,41,Paraná,411770,Palmeira
4162,41,Paraná,411780,Palmital
4163,41,Paraná,411790,Palotina
4164,41,Paraná,411800,Paraíso do Norte
4165,41,Paraná,411810,Paranacity
4166,41,Paraná,411820,Paranaguá
4167,41,Paraná,411830,Paranapoema
4168,41,Paraná,411840,Paranavaí
4169,41,Paraná,411845,Pato Bragado
4170,41,Paraná,411850,Pato Branco
4171,41,Paraná,411860,Paula Freitas
4172,41,Paraná,411870,Paulo Frontin
4173,41,Paraná,411880,Peabiru
4174,41,Paraná,411885,Perobal
4175,41,Paraná,411890,Pérola
4176,41,Paraná,411900,Pérola d'Oeste
4177,41,Paraná,411910,Piên
4178,41,Paraná,411915,Pinhais
4179,41,Paraná,411925,Pinhal de São Bento
4180,41,Paraná,411920,Pinhalão
4181,41,Paraná,411930,Pinhão
4182,41,Paraná,411940,Piraí do Sul
4183,41,Paraná,411950,Piraquara
4184,41,Paraná,411960,Pitanga
4185,41,Paraná,411965,Pitangueiras
4186,41,Paraná,411970,Planaltina do Paraná
4187,41,Paraná,411980,Planalto
4188,41,Paraná,411990,Ponta Grossa
4189,41,Paraná,411995,Pontal do Paraná
4190,41,Paraná,412000,Porecatu
4191,41,Paraná,412010,Porto Amazonas
4192,41,Paraná,412015,Porto Barreiro
4193,41,Paraná,412020,Porto Rico
4194,41,Paraná,412030,Porto Vitória
4195,41,Paraná,412033,Prado Ferreira
4196,41,Paraná,412035,Pranchita
4197,41,Paraná,412040,Presidente Castelo Branco
4198,41,Paraná,412050,Primeiro de Maio
4199,41,Paraná,412060,Prudentópolis
4200,41,Paraná,412065,Quarto Centenário
4201,41,Paraná,412070,Quatiguá
4202,41,Paraná,412080,Quatro Barras
4203,41,Paraná,412085,Quatro Pontes
4204,41,Paraná,412090,Quedas do Iguaçu
4205,41,Paraná,412100,Querência do Norte
4206,41,Paraná,412110,Quinta do Sol
4207,41,Paraná,412120,Quitandinha
4208,41,Paraná,412125,Ramilândia
4209,41,Paraná,412130,Rancho Alegre
4210,41,Paraná,412135,Rancho Alegre D'Oeste
4211,41,Paraná,412140,Realeza
4212,41,Paraná,412150,Rebouças
4213,41,Paraná,412160,Renascença
4214,41,Paraná,412170,Reserva
4215,41,Paraná,412175,Reserva do Iguaçu
4216,41,Paraná,412180,Ribeirão Claro
4217,41,Paraná,412190,Ribeirão do Pinhal
4218,41,Paraná,412200,Rio Azul
4219,41,Paraná,412210,Rio Bom
4220,41,Paraná,412215,Rio Bonito do Iguaçu
4221,41,Paraná,412217,Rio Branco do Ivaí
4222,41,Paraná,412220,Rio Branco do Sul
4223,41,Paraná,412230,Rio Negro
4224,41,Paraná,412240,Rolândia
4225,41,Paraná,412250,Roncador
4226,41,Paraná,412260,Rondon
4227,41,Paraná,412265,Rosário do Ivaí
4228,41,Paraná,412270,Sabáudia
4229,41,Paraná,412280,Salgado Filho
4230,41,Paraná,412290,Salto do Itararé
4231,41,Paraná,412300,Salto do Lontra
4232,41,Paraná,412310,Santa Amélia
4233,41,Paraná,412320,Santa Cecília do Pavão
4234,41,Paraná,412330,Santa Cruz de Monte Castelo
4235,41,Paraná,412340,Santa Fé
4236,41,Paraná,412350,Santa Helena
4237,41,Paraná,412360,Santa Inês
4238,41,Paraná,412370,Santa Isabel do Ivaí
4239,41,Paraná,412380,Santa Izabel do Oeste
4240,41,Paraná,412382,Santa Lúcia
4241,41,Paraná,412385,Santa Maria do Oeste
4242,41,Paraná,412390,Santa Mariana
4243,41,Paraná,412395,Santa Mônica
4244,41,Paraná,412402,Santa Tereza do Oeste
4245,41,Paraná,412405,Santa Terezinha de Itaipu
4246,41,Paraná,412400,Santana do Itararé
4247,41,Paraná,412410,Santo Antônio da Platina
4248,41,Paraná,412420,Santo Antônio do Caiuá
4249,41,Paraná,412430,Santo Antônio do Paraíso
4250,41,Paraná,412440,Santo Antônio do Sudoeste
4251,41,Paraná,412450,Santo Inácio
4252,41,Paraná,412460,São Carlos do Ivaí
4253,41,Paraná,412470,São Jerônimo da Serra
4254,41,Paraná,412480,São João
4255,41,Paraná,412490,São João do Caiuá
4256,41,Paraná,412500,São João do Ivaí
4257,41,Paraná,412510,São João do Triunfo
4258,41,Paraná,412530,São Jorge do Ivaí
4259,41,Paraná,412535,São Jorge do Patrocínio
4260,41,Paraná,412520,São Jorge d'Oeste
4261,41,Paraná,412540,São José da Boa Vista
4262,41,Paraná,412545,São José das Palmeiras
4263,41,Paraná,412550,São José dos Pinhais
4264,41,Paraná,412555,São Manoel do Paraná
4265,41,Paraná,412560,São Mateus do Sul
4266,41,Paraná,412570,São Miguel do Iguaçu
4267,41,Paraná,412575,São Pedro do Iguaçu
4268,41,Paraná,412580,São Pedro do Ivaí
4269,41,Paraná,412590,São Pedro do Paraná
4270,41,Paraná,412600,São Sebastião da Amoreira
4271,41,Paraná,412610,São Tomé
4272,41,Paraná,412620,Sapopema
4273,41,Paraná,412625,Sarandi
4274,41,Paraná,412627,Saudade do Iguaçu
4275,41,Paraná,412630,Sengés
4276,41,Paraná,412635,Serranópolis do Iguaçu
4277,41,Paraná,412640,Sertaneja
4278,41,Paraná,412650,Sertanópolis
4279,41,Paraná,412660,Siqueira Campos
4280,41,Paraná,412665,Sulina
4281,41,Paraná,412667,Tamarana
4282,41,Paraná,412670,Tamboara
4283,41,Paraná,412680,Tapejara
4284,41,Paraná,412690,Tapira
4285,41,Paraná,412700,Teixeira Soares
4286,41,Paraná,412710,Telêmaco Borba
4287,41,Paraná,412720,Terra Boa
4288,41,Paraná,412730,Terra Rica
4289,41,Paraná,412740,Terra Roxa
4290,41,Paraná,412750,Tibagi
4291,41,Paraná,412760,Tijucas do Sul
4292,41,Paraná,412770,Toledo
4293,41,Paraná,412780,Tomazina
4294,41,Paraná,412785,Três Barras do Paraná
4295,41,Paraná,412788,Tunas do Paraná
4296,41,Paraná,412790,Tuneiras do Oeste
4297,41,Paraná,412795,Tupãssi
4298,41,Paraná,412796,Turvo
4299,41,Paraná,412800,Ubiratã
4300,41,Paraná,412810,Umuarama
4301,41,Paraná,412820,União da Vitória
4302,41,Paraná,412830,Uniflor
4303,41,Paraná,412840,Uraí
4304,41,Paraná,412853,Ventania
4305,41,Paraná,412855,Vera Cruz do Oeste
4306,41,Paraná,412860,Verê
4307,41,Paraná,412865,Virmond
4308,41,Paraná,412870,Vitorino
4309,41,Paraná,412850,Wenceslau Braz
4310,41,Paraná,412880,Xambrê
4311,42,Santa Catarina,420005,Abdon Batista
4312,42,Santa Catarina,420010,Abelardo Luz
4313,42,Santa Catarina,420020,Agrolândia
4314,42,Santa Catarina,420030,Agronômica
4315,42,Santa Catarina,420040,Água Doce
4316,42,Santa Catarina,420050,Águas de Chapecó
4317,42,Santa Catarina,420055,Águas Frias
4318,42,Santa Catarina,420060,Águas Mornas
4319,42,Santa Catarina,420070,Alfredo Wagner
4320,42,Santa Catarina,420075,Alto Bela Vista
4321,42,Santa Catarina,420080,Anchieta
4322,42,Santa Catarina,420090,Angelina
4323,42,Santa Catarina,420100,Anita Garibaldi
4324,42,Santa Catarina,420110,Anitápolis
4325,42,Santa Catarina,420120,Antônio Carlos
4326,42,Santa Catarina,420125,Apiúna
4327,42,Santa Catarina,420127,Arabutã
4328,42,Santa Catarina,420130,Araquari
4329,42,Santa Catarina,420140,Araranguá
4330,42,Santa Catarina,420150,Armazém
4331,42,Santa Catarina,420160,Arroio Trinta
4332,42,Santa Catarina,420165,Arvoredo
4333,42,Santa Catarina,420170,Ascurra
4334,42,Santa Catarina,420180,Atalanta
4335,42,Santa Catarina,420190,Aurora
4336,42,Santa Catarina,420195,Balneário Arroio do Silva
4337,42,Santa Catarina,420205,Balneário Barra do Sul
4338,42,Santa Catarina,420200,Balneário Camboriú
4339,42,Santa Catarina,420207,Balneário Gaivota
4340,42,Santa Catarina,421280,Balneário Piçarras
4341,42,Santa Catarina,422000,Balneário Rincão
4342,42,Santa Catarina,420208,Bandeirante
4343,42,Santa Catarina,420209,Barra Bonita
4344,42,Santa Catarina,420210,Barra Velha
4345,42,Santa Catarina,420213,Bela Vista do Toldo
4346,42,Santa Catarina,420215,Belmonte
4347,42,Santa Catarina,420220,Benedito Novo
4348,42,Santa Catarina,420230,Biguaçu
4349,42,Santa Catarina,420240,Blumenau
4350,42,Santa Catarina,420243,Bocaina do Sul
4351,42,Santa Catarina,420250,Bom Jardim da Serra
4352,42,Santa Catarina,420253,Bom Jesus
4353,42,Santa Catarina,420257,Bom Jesus do Oeste
4354,42,Santa Catarina,420260,Bom Retiro
4355,42,Santa Catarina,420245,Bombinhas
4356,42,Santa Catarina,420270,Botuverá
4357,42,Santa Catarina,420280,Braço do Norte
4358,42,Santa Catarina,420285,Braço do Trombudo
4359,42,Santa Catarina,420287,Brunópolis
4360,42,Santa Catarina,420290,Brusque
4361,42,Santa Catarina,420300,Caçador
4362,42,Santa Catarina,420310,Caibi
4363,42,Santa Catarina,420315,Calmon
4364,42,Santa Catarina,420320,Camboriú
4365,42,Santa Catarina,420330,Campo Alegre
4366,42,Santa Catarina,420340,Campo Belo do Sul
4367,42,Santa Catarina,420350,Campo Erê
4368,42,Santa Catarina,420360,Campos Novos
4369,42,Santa Catarina,420370,Canelinha
4370,42,Santa Catarina,420380,Canoinhas
4371,42,Santa Catarina,420325,Capão Alto
4372,42,Santa Catarina,420390,Capinzal
4373,42,Santa Catarina,420395,Capivari de Baixo
4374,42,Santa Catarina,420400,Catanduvas
4375,42,Santa Catarina,420410,Caxambu do Sul
4376,42,Santa Catarina,420415,Celso Ramos
4377,42,Santa Catarina,420417,Cerro Negro
4378,42,Santa Catarina,420419,Chapadão do Lageado
4379,42,Santa Catarina,420420,Chapecó
4380,42,Santa Catarina,420425,Cocal do Sul
4381,42,Santa Catarina,420430,Concórdia
4382,42,Santa Catarina,420435,Cordilheira Alta
4383,42,Santa Catarina,420440,Coronel Freitas
4384,42,Santa Catarina,420445,Coronel Martins
4385,42,Santa Catarina,420455,Correia Pinto
4386,42,Santa Catarina,420450,Corupá
4387,42,Santa Catarina,420460,Criciúma
4388,42,Santa Catarina,420470,Cunha Porã
4389,42,Santa Catarina,420475,Cunhataí
4390,42,Santa Catarina,420480,Curitibanos
4391,42,Santa Catarina,420490,Descanso
4392,42,Santa Catarina,420500,Dionísio Cerqueira
4393,42,Santa Catarina,420510,Dona Emma
4394,42,Santa Catarina,420515,Doutor Pedrinho
4395,42,Santa Catarina,420517,Entre Rios
4396,42,Santa Catarina,420519,Ermo
4397,42,Santa Catarina,420520,Erval Velho
4398,42,Santa Catarina,420530,Faxinal dos Guedes
4399,42,Santa Catarina,420535,Flor do Sertão
4400,42,Santa Catarina,420540,Florianópolis
4401,42,Santa Catarina,420543,Formosa do Sul
4402,42,Santa Catarina,420545,Forquilhinha
4403,42,Santa Catarina,420550,Fraiburgo
4404,42,Santa Catarina,420555,Frei Rogério
4405,42,Santa Catarina,420560,Galvão
4406,42,Santa Catarina,420570,Garopaba
4407,42,Santa Catarina,420580,Garuva
4408,42,Santa Catarina,420590,Gaspar
4409,42,Santa Catarina,420600,Governador Celso Ramos
4410,42,Santa Catarina,420610,Grão-Pará
4411,42,Santa Catarina,420620,Gravatal
4412,42,Santa Catarina,420630,Guabiruba
4413,42,Santa Catarina,420640,Guaraciaba
4414,42,Santa Catarina,420650,Guaramirim
4415,42,Santa Catarina,420660,Guarujá do Sul
4416,42,Santa Catarina,420665,Guatambú
4417,42,Santa Catarina,420670,Herval d'Oeste
4418,42,Santa Catarina,420675,Ibiam
4419,42,Santa Catarina,420680,Ibicaré
4420,42,Santa Catarina,420690,Ibirama
4421,42,Santa Catarina,420700,Içara
4422,42,Santa Catarina,420710,Ilhota
4423,42,Santa Catarina,420720,Imaruí
4424,42,Santa Catarina,420730,Imbituba
4425,42,Santa Catarina,420740,Imbuia
4426,42,Santa Catarina,420750,Indaial
4427,42,Santa Catarina,420757,Iomerê
4428,42,Santa Catarina,420760,Ipira
4429,42,Santa Catarina,420765,Iporã do Oeste
4430,42,Santa Catarina,420768,Ipuaçu
4431,42,Santa Catarina,420770,Ipumirim
4432,42,Santa Catarina,420775,Iraceminha
4433,42,Santa Catarina,420780,Irani
4434,42,Santa Catarina,420785,Irati
4435,42,Santa Catarina,420790,Irineópolis
4436,42,Santa Catarina,420800,Itá
4437,42,Santa Catarina,420810,Itaiópolis
4438,42,Santa Catarina,420820,Itajaí
4439,42,Santa Catarina,420830,Itapema
4440,42,Santa Catarina,420840,Itapiranga
4441,42,Santa Catarina,420845,Itapoá
4442,42,Santa Catarina,420850,Ituporanga
4443,42,Santa Catarina,420860,Jaborá
4444,42,Santa Catarina,420870,Jacinto Machado
4445,42,Santa Catarina,420880,Jaguaruna
4446,42,Santa Catarina,420890,Jaraguá do Sul
4447,42,Santa Catarina,420895,Jardinópolis
4448,42,Santa Catarina,420900,Joaçaba
4449,42,Santa Catarina,420910,Joinville
4450,42,Santa Catarina,420915,José Boiteux
4451,42,Santa Catarina,420917,Jupiá
4452,42,Santa Catarina,420920,Lacerdópolis
4453,42,Santa Catarina,420930,Lages
4454,42,Santa Catarina,420940,Laguna
4455,42,Santa Catarina,420945,Lajeado Grande
4456,42,Santa Catarina,420950,Laurentino
4457,42,Santa Catarina,420960,Lauro Müller
4458,42,Santa Catarina,420970,Lebon Régis
4459,42,Santa Catarina,420980,Leoberto Leal
4460,42,Santa Catarina,420985,Lindóia do Sul
4461,42,Santa Catarina,420990,Lontras
4462,42,Santa Catarina,421000,Luiz Alves
4463,42,Santa Catarina,421003,Luzerna
4464,42,Santa Catarina,421005,Macieira
4465,42,Santa Catarina,421010,Mafra
4466,42,Santa Catarina,421020,Major Gercino
4467,42,Santa Catarina,421030,Major Vieira
4468,42,Santa Catarina,421040,Maracajá
4469,42,Santa Catarina,421050,Maravilha
4470,42,Santa Catarina,421055,Marema
4471,42,Santa Catarina,421060,Massaranduba
4472,42,Santa Catarina,421070,Matos Costa
4473,42,Santa Catarina,421080,Meleiro
4474,42,Santa Catarina,421085,Mirim Doce
4475,42,Santa Catarina,421090,Modelo
4476,42,Santa Catarina,421100,Mondaí
4477,42,Santa Catarina,421105,Monte Carlo
4478,42,Santa Catarina,421110,Monte Castelo
4479,42,Santa Catarina,421120,Morro da Fumaça
4480,42,Santa Catarina,421125,Morro Grande
4481,42,Santa Catarina,421130,Navegantes
4482,42,Santa Catarina,421140,Nova Erechim
4483,42,Santa Catarina,421145,Nova Itaberaba
4484,42,Santa Catarina,421150,Nova Trento
4485,42,Santa Catarina,421160,Nova Veneza
4486,42,Santa Catarina,421165,Novo Horizonte
4487,42,Santa Catarina,421170,Orleans
4488,42,Santa Catarina,421175,Otacílio Costa
4489,42,Santa Catarina,421180,Ouro
4490,42,Santa Catarina,421185,Ouro Verde
4491,42,Santa Catarina,421187,Paial
4492,42,Santa Catarina,421189,Painel
4493,42,Santa Catarina,421190,Palhoça
4494,42,Santa Catarina,421200,Palma Sola
4495,42,Santa Catarina,421205,Palmeira
4496,42,Santa Catarina,421210,Palmitos
4497,42,Santa Catarina,421220,Papanduva
4498,42,Santa Catarina,421223,Paraíso
4499,42,Santa Catarina,421225,Passo de Torres
4500,42,Santa Catarina,421227,Passos Maia
4501,42,Santa Catarina,421230,Paulo Lopes
4502,42,Santa Catarina,421240,Pedras Grandes
4503,42,Santa Catarina,421250,Penha
4504,42,Santa Catarina,421260,Peritiba
4505,42,Santa Catarina,421265,Pescaria Brava
4506,42,Santa Catarina,421270,Petrolândia
4507,42,Santa Catarina,421290,Pinhalzinho
4508,42,Santa Catarina,421300,Pinheiro Preto
4509,42,Santa Catarina,421310,Piratuba
4510,42,Santa Catarina,421315,Planalto Alegre
4511,42,Santa Catarina,421320,Pomerode
4512,42,Santa Catarina,421330,Ponte Alta
4513,42,Santa Catarina,421335,Ponte Alta do Norte
4514,42,Santa Catarina,421340,Ponte Serrada
4515,42,Santa Catarina,421350,Porto Belo
4516,42,Santa Catarina,421360,Porto União
4517,42,Santa Catarina,421370,Pouso Redondo
4518,42,Santa Catarina,421380,Praia Grande
4519,42,Santa Catarina,421390,Presidente Castello Branco
4520,42,Santa Catarina,421400,Presidente Getúlio
4521,42,Santa Catarina,421410,Presidente Nereu
4522,42,Santa Catarina,421415,Princesa
4523,42,Santa Catarina,421420,Quilombo
4524,42,Santa Catarina,421430,Rancho Queimado
4525,42,Santa Catarina,421440,Rio das Antas
4526,42,Santa Catarina,421450,Rio do Campo
4527,42,Santa Catarina,421460,Rio do Oeste
4528,42,Santa Catarina,421480,Rio do Sul
4529,42,Santa Catarina,421470,Rio dos Cedros
4530,42,Santa Catarina,421490,Rio Fortuna
4531,42,Santa Catarina,421500,Rio Negrinho
4532,42,Santa Catarina,421505,Rio Rufino
4533,42,Santa Catarina,421507,Riqueza
4534,42,Santa Catarina,421510,Rodeio
4535,42,Santa Catarina,421520,Romelândia
4536,42,Santa Catarina,421530,Salete
4537,42,Santa Catarina,421535,Saltinho
4538,42,Santa Catarina,421540,Salto Veloso
4539,42,Santa Catarina,421545,Sangão
4540,42,Santa Catarina,421550,Santa Cecília
4541,42,Santa Catarina,421555,Santa Helena
4542,42,Santa Catarina,421560,Santa Rosa de Lima
4543,42,Santa Catarina,421565,Santa Rosa do Sul
4544,42,Santa Catarina,421567,Santa Terezinha
4545,42,Santa Catarina,421568,Santa Terezinha do Progresso
4546,42,Santa Catarina,421569,Santiago do Sul
4547,42,Santa Catarina,421570,Santo Amaro da Imperatriz
4548,42,Santa Catarina,421580,São Bento do Sul
4549,42,Santa Catarina,421575,São Bernardino
4550,42,Santa Catarina,421590,São Bonifácio
4551,42,Santa Catarina,421600,São Carlos
4552,42,Santa Catarina,421605,São Cristóvão do Sul
4553,42,Santa Catarina,421610,São Domingos
4554,42,Santa Catarina,421620,São Francisco do Sul
4555,42,Santa Catarina,421630,São João Batista
4556,42,Santa Catarina,421635,São João do Itaperiú
4557,42,Santa Catarina,421625,São João do Oeste
4558,42,Santa Catarina,421640,São João do Sul
4559,42,Santa Catarina,421650,São Joaquim
4560,42,Santa Catarina,421660,São José
4561,42,Santa Catarina,421670,São José do Cedro
4562,42,Santa Catarina,421680,São José do Cerrito
4563,42,Santa Catarina,421690,São Lourenço do Oeste
4564,42,Santa Catarina,421700,São Ludgero
4565,42,Santa Catarina,421710,São Martinho
4566,42,Santa Catarina,421715,São Miguel da Boa Vista
4567,42,Santa Catarina,421720,São Miguel do Oeste
4568,42,Santa Catarina,421725,São Pedro de Alcântara
4569,42,Santa Catarina,421730,Saudades
4570,42,Santa Catarina,421740,Schroeder
4571,42,Santa Catarina,421750,Seara
4572,42,Santa Catarina,421755,Serra Alta
4573,42,Santa Catarina,421760,Siderópolis
4574,42,Santa Catarina,421770,Sombrio
4575,42,Santa Catarina,421775,Sul Brasil
4576,42,Santa Catarina,421780,Taió
4577,42,Santa Catarina,421790,Tangará
4578,42,Santa Catarina,421795,Tigrinhos
4579,42,Santa Catarina,421800,Tijucas
4580,42,Santa Catarina,421810,Timbé do Sul
4581,42,Santa Catarina,421820,Timbó
4582,42,Santa Catarina,421825,Timbó Grande
4583,42,Santa Catarina,421830,Três Barras
4584,42,Santa Catarina,421835,Treviso
4585,42,Santa Catarina,421840,Treze de Maio
4586,42,Santa Catarina,421850,Treze Tílias
4587,42,Santa Catarina,421860,Trombudo Central
4588,42,Santa Catarina,421870,Tubarão
4589,42,Santa Catarina,421875,Tunápolis
4590,42,Santa Catarina,421880,Turvo
4591,42,Santa Catarina,421885,União do Oeste
4592,42,Santa Catarina,421890,Urubici
4593,42,Santa Catarina,421895,Urupema
4594,42,Santa Catarina,421900,Urussanga
4595,42,Santa Catarina,421910,Vargeão
4596,42,Santa Catarina,421915,Vargem
4597,42,Santa Catarina,421917,Vargem Bonita
4598,42,Santa Catarina,421920,Vidal Ramos
4599,42,Santa Catarina,421930,Videira
4600,42,Santa Catarina,421935,Vitor Meireles
4601,42,Santa Catarina,421940,Witmarsum
4602,42,Santa Catarina,421950,Xanxerê
4603,42,Santa Catarina,421960,Xavantina
4604,42,Santa Catarina,421970,Xaxim
4605,42,Santa Catarina,421985,Zortéa
4606,43,Rio Grande do Sul,430003,Aceguá
4607,43,Rio Grande do Sul,430005,Água Santa
4608,43,Rio Grande do Sul,430010,Agudo
4609,43,Rio Grande do Sul,430020,Ajuricaba
4610,43,Rio Grande do Sul,430030,Alecrim
4611,43,Rio Grande do Sul,430040,Alegrete
4612,43,Rio Grande do Sul,430045,Alegria
4613,43,Rio Grande do Sul,430047,Almirante Tamandaré do Sul
4614,43,Rio Grande do Sul,430050,Alpestre
4615,43,Rio Grande do Sul,430055,Alto Alegre
4616,43,Rio Grande do Sul,430057,Alto Feliz
4617,43,Rio Grande do Sul,430060,Alvorada
4618,43,Rio Grande do Sul,430063,Amaral Ferrador
4619,43,Rio Grande do Sul,430064,Ametista do Sul
4620,43,Rio Grande do Sul,430066,André da Rocha
4621,43,Rio Grande do Sul,430070,Anta Gorda
4622,43,Rio Grande do Sul,430080,Antônio Prado
4623,43,Rio Grande do Sul,430085,Arambaré
4624,43,Rio Grande do Sul,430087,Araricá
4625,43,Rio Grande do Sul,430090,Aratiba
4626,43,Rio Grande do Sul,430100,Arroio do Meio
4627,43,Rio Grande do Sul,430107,Arroio do Padre
4628,43,Rio Grande do Sul,430105,Arroio do Sal
4629,43,Rio Grande do Sul,430120,Arroio do Tigre
4630,43,Rio Grande do Sul,430110,Arroio dos Ratos
4631,43,Rio Grande do Sul,430130,Arroio Grande
4632,43,Rio Grande do Sul,430140,Arvorezinha
4633,43,Rio Grande do Sul,430150,Augusto Pestana
4634,43,Rio Grande do Sul,430155,Áurea
4635,43,Rio Grande do Sul,430160,Bagé
4636,43,Rio Grande do Sul,430163,Balneário Pinhal
4637,43,Rio Grande do Sul,430165,Barão
4638,43,Rio Grande do Sul,430170,Barão de Cotegipe
4639,43,Rio Grande do Sul,430175,Barão do Triunfo
4640,43,Rio Grande do Sul,430185,Barra do Guarita
4641,43,Rio Grande do Sul,430187,Barra do Quaraí
4642,43,Rio Grande do Sul,430190,Barra do Ribeiro
4643,43,Rio Grande do Sul,430192,Barra do Rio Azul
4644,43,Rio Grande do Sul,430195,Barra Funda
4645,43,Rio Grande do Sul,430180,Barracão
4646,43,Rio Grande do Sul,430200,Barros Cassal
4647,43,Rio Grande do Sul,430205,Benjamin Constant do Sul
4648,43,Rio Grande do Sul,430210,Bento Gonçalves
4649,43,Rio Grande do Sul,430215,Boa Vista das Missões
4650,43,Rio Grande do Sul,430220,Boa Vista do Buricá
4651,43,Rio Grande do Sul,430222,Boa Vista do Cadeado
4652,43,Rio Grande do Sul,430223,Boa Vista do Incra
4653,43,Rio Grande do Sul,430225,Boa Vista do Sul
4654,43,Rio Grande do Sul,430230,Bom Jesus
4655,43,Rio Grande do Sul,430235,Bom Princípio
4656,43,Rio Grande do Sul,430237,Bom Progresso
4657,43,Rio Grande do Sul,430240,Bom Retiro do Sul
4658,43,Rio Grande do Sul,430245,Boqueirão do Leão
4659,43,Rio Grande do Sul,430250,Bossoroca
4660,43,Rio Grande do Sul,430258,Bozano
4661,43,Rio Grande do Sul,430260,Braga
4662,43,Rio Grande do Sul,430265,Brochier
4663,43,Rio Grande do Sul,430270,Butiá
4664,43,Rio Grande do Sul,430280,Caçapava do Sul
4665,43,Rio Grande do Sul,430290,Cacequi
4666,43,Rio Grande do Sul,430300,Cachoeira do Sul
4667,43,Rio Grande do Sul,430310,Cachoeirinha
4668,43,Rio Grande do Sul,430320,Cacique Doble
4669,43,Rio Grande do Sul,430330,Caibaté
4670,43,Rio Grande do Sul,430340,Caiçara
4671,43,Rio Grande do Sul,430350,Camaquã
4672,43,Rio Grande do Sul,430355,Camargo
4673,43,Rio Grande do Sul,430360,Cambará do Sul
4674,43,Rio Grande do Sul,430367,Campestre da Serra
4675,43,Rio Grande do Sul,430370,Campina das Missões
4676,43,Rio Grande do Sul,430380,Campinas do Sul
4677,43,Rio Grande do Sul,430390,Campo Bom
4678,43,Rio Grande do Sul,430400,Campo Novo
4679,43,Rio Grande do Sul,430410,Campos Borges
4680,43,Rio Grande do Sul,430420,Candelária
4681,43,Rio Grande do Sul,430430,Cândido Godói
4682,43,Rio Grande do Sul,430435,Candiota
4683,43,Rio Grande do Sul,430440,Canela
4684,43,Rio Grande do Sul,430450,Canguçu
4685,43,Rio Grande do Sul,430460,Canoas
4686,43,Rio Grande do Sul,430461,Canudos do Vale
4687,43,Rio Grande do Sul,430462,Capão Bonito do Sul
4688,43,Rio Grande do Sul,430463,Capão da Canoa
4689,43,Rio Grande do Sul,430465,Capão do Cipó
4690,43,Rio Grande do Sul,430466,Capão do Leão
4691,43,Rio Grande do Sul,430468,Capela de Santana
4692,43,Rio Grande do Sul,430469,Capitão
4693,43,Rio Grande do Sul,430467,Capivari do Sul
4694,43,Rio Grande do Sul,430471,Caraá
4695,43,Rio Grande do Sul,430470,Carazinho
4696,43,Rio Grande do Sul,430480,Carlos Barbosa
4697,43,Rio Grande do Sul,430485,Carlos Gomes
4698,43,Rio Grande do Sul,430490,Casca
4699,43,Rio Grande do Sul,430495,Caseiros
4700,43,Rio Grande do Sul,430500,Catuípe
4701,43,Rio Grande do Sul,430510,Caxias do Sul
4702,43,Rio Grande do Sul,430511,Centenário
4703,43,Rio Grande do Sul,430512,Cerrito
4704,43,Rio Grande do Sul,430513,Cerro Branco
4705,43,Rio Grande do Sul,430515,Cerro Grande
4706,43,Rio Grande do Sul,430517,Cerro Grande do Sul
4707,43,Rio Grande do Sul,430520,Cerro Largo
4708,43,Rio Grande do Sul,430530,Chapada
4709,43,Rio Grande do Sul,430535,Charqueadas
4710,43,Rio Grande do Sul,430537,Charrua
4711,43,Rio Grande do Sul,430540,Chiapetta
4712,43,Rio Grande do Sul,430543,Chuí
4713,43,Rio Grande do Sul,430544,Chuvisca
4714,43,Rio Grande do Sul,430545,Cidreira
4715,43,Rio Grande do Sul,430550,Ciríaco
4716,43,Rio Grande do Sul,430558,Colinas
4717,43,Rio Grande do Sul,430560,Colorado
4718,43,Rio Grande do Sul,430570,Condor
4719,43,Rio Grande do Sul,430580,Constantina
4720,43,Rio Grande do Sul,430583,Coqueiro Baixo
4721,43,Rio Grande do Sul,430585,Coqueiros do Sul
4722,43,Rio Grande do Sul,430587,Coronel Barros
4723,43,Rio Grande do Sul,430590,Coronel Bicaco
4724,43,Rio Grande do Sul,430593,Coronel Pilar
4725,43,Rio Grande do Sul,430595,Cotiporã
4726,43,Rio Grande do Sul,430597,Coxilha
4727,43,Rio Grande do Sul,430600,Crissiumal
4728,43,Rio Grande do Sul,430605,Cristal
4729,43,Rio Grande do Sul,430607,Cristal do Sul
4730,43,Rio Grande do Sul,430610,Cruz Alta
4731,43,Rio Grande do Sul,430613,Cruzaltense
4732,43,Rio Grande do Sul,430620,Cruzeiro do Sul
4733,43,Rio Grande do Sul,430630,David Canabarro
4734,43,Rio Grande do Sul,430632,Derrubadas
4735,43,Rio Grande do Sul,430635,Dezesseis de Novembro
4736,43,Rio Grande do Sul,430637,Dilermando de Aguiar
4737,43,Rio Grande do Sul,430640,Dois Irmãos
4738,43,Rio Grande do Sul,430642,Dois Irmãos das Missões
4739,43,Rio Grande do Sul,430645,Dois Lajeados
4740,43,Rio Grande do Sul,430650,Dom Feliciano
4741,43,Rio Grande do Sul,430660,Dom Pedrito
4742,43,Rio Grande do Sul,430655,Dom Pedro de Alcântara
4743,43,Rio Grande do Sul,430670,Dona Francisca
4744,43,Rio Grande do Sul,430673,Doutor Maurício Cardoso
4745,43,Rio Grande do Sul,430675,Doutor Ricardo
4746,43,Rio Grande do Sul,430676,Eldorado do Sul
4747,43,Rio Grande do Sul,430680,Encantado
4748,43,Rio Grande do Sul,430690,Encruzilhada do Sul
4749,43,Rio Grande do Sul,430692,Engenho Velho
4750,43,Rio Grande do Sul,430695,Entre Rios do Sul
4751,43,Rio Grande do Sul,430693,Entre-Ijuís
4752,43,Rio Grande do Sul,430697,Erebango
4753,43,Rio Grande do Sul,430700,Erechim
4754,43,Rio Grande do Sul,430705,Ernestina
4755,43,Rio Grande do Sul,430720,Erval Grande
4756,43,Rio Grande do Sul,430730,Erval Seco
4757,43,Rio Grande do Sul,430740,Esmeralda
4758,43,Rio Grande do Sul,430745,Esperança do Sul
4759,43,Rio Grande do Sul,430750,Espumoso
4760,43,Rio Grande do Sul,430755,Estação
4761,43,Rio Grande do Sul,430760,Estância Velha
4762,43,Rio Grande do Sul,430770,Esteio
4763,43,Rio Grande do Sul,430780,Estrela
4764,43,Rio Grande do Sul,430781,Estrela Velha
4765,43,Rio Grande do Sul,430783,Eugênio de Castro
4766,43,Rio Grande do Sul,430786,Fagundes Varela
4767,43,Rio Grande do Sul,430790,Farroupilha
4768,43,Rio Grande do Sul,430800,Faxinal do Soturno
4769,43,Rio Grande do Sul,430805,Faxinalzinho
4770,43,Rio Grande do Sul,430807,Fazenda Vilanova
4771,43,Rio Grande do Sul,430810,Feliz
4772,43,Rio Grande do Sul,430820,Flores da Cunha
4773,43,Rio Grande do Sul,430825,Floriano Peixoto
4774,43,Rio Grande do Sul,430830,Fontoura Xavier
4775,43,Rio Grande do Sul,430840,Formigueiro
4776,43,Rio Grande do Sul,430843,Forquetinha
4777,43,Rio Grande do Sul,430845,Fortaleza dos Valos
4778,43,Rio Grande do Sul,430850,Frederico Westphalen
4779,43,Rio Grande do Sul,430860,Garibaldi
4780,43,Rio Grande do Sul,430865,Garruchos
4781,43,Rio Grande do Sul,430870,Gaurama
4782,43,Rio Grande do Sul,430880,General Câmara
4783,43,Rio Grande do Sul,430885,Gentil
4784,43,Rio Grande do Sul,430890,Getúlio Vargas
4785,43,Rio Grande do Sul,430900,Giruá
4786,43,Rio Grande do Sul,430905,Glorinha
4787,43,Rio Grande do Sul,430910,Gramado
4788,43,Rio Grande do Sul,430912,Gramado dos Loureiros
4789,43,Rio Grande do Sul,430915,Gramado Xavier
4790,43,Rio Grande do Sul,430920,Gravataí
4791,43,Rio Grande do Sul,430925,Guabiju
4792,43,Rio Grande do Sul,430930,Guaíba
4793,43,Rio Grande do Sul,430940,Guaporé
4794,43,Rio Grande do Sul,430950,Guarani das Missões
4795,43,Rio Grande do Sul,430955,Harmonia
4796,43,Rio Grande do Sul,430710,Herval
4797,43,Rio Grande do Sul,430957,Herveiras
4798,43,Rio Grande do Sul,430960,Horizontina
4799,43,Rio Grande do Sul,430965,Hulha Negra
4800,43,Rio Grande do Sul,430970,Humaitá
4801,43,Rio Grande do Sul,430975,Ibarama
4802,43,Rio Grande do Sul,430980,Ibiaçá
4803,43,Rio Grande do Sul,430990,Ibiraiaras
4804,43,Rio Grande do Sul,430995,Ibirapuitã
4805,43,Rio Grande do Sul,431000,Ibirubá
4806,43,Rio Grande do Sul,431010,Igrejinha
4807,43,Rio Grande do Sul,431020,Ijuí
4808,43,Rio Grande do Sul,431030,Ilópolis
4809,43,Rio Grande do Sul,431033,Imbé
4810,43,Rio Grande do Sul,431036,Imigrante
4811,43,Rio Grande do Sul,431040,Independência
4812,43,Rio Grande do Sul,431041,Inhacorá
4813,43,Rio Grande do Sul,431043,Ipê
4814,43,Rio Grande do Sul,431046,Ipiranga do Sul
4815,43,Rio Grande do Sul,431050,Iraí
4816,43,Rio Grande do Sul,431053,Itaara
4817,43,Rio Grande do Sul,431055,Itacurubi
4818,43,Rio Grande do Sul,431057,Itapuca
4819,43,Rio Grande do Sul,431060,Itaqui
4820,43,Rio Grande do Sul,431065,Itati
4821,43,Rio Grande do Sul,431070,Itatiba do Sul
4822,43,Rio Grande do Sul,431075,Ivorá
4823,43,Rio Grande do Sul,431080,Ivoti
4824,43,Rio Grande do Sul,431085,Jaboticaba
4825,43,Rio Grande do Sul,431087,Jacuizinho
4826,43,Rio Grande do Sul,431090,Jacutinga
4827,43,Rio Grande do Sul,431100,Jaguarão
4828,43,Rio Grande do Sul,431110,Jaguari
4829,43,Rio Grande do Sul,431112,Jaquirana
4830,43,Rio Grande do Sul,431113,Jari
4831,43,Rio Grande do Sul,431115,Jóia
4832,43,Rio Grande do Sul,431120,Júlio de Castilhos
4833,43,Rio Grande do Sul,431123,Lagoa Bonita do Sul
4834,43,Rio Grande do Sul,431127,Lagoa dos Três Cantos
4835,43,Rio Grande do Sul,431130,Lagoa Vermelha
4836,43,Rio Grande do Sul,431125,Lagoão
4837,43,Rio Grande do Sul,431140,Lajeado
4838,43,Rio Grande do Sul,431142,Lajeado do Bugre
4839,43,Rio Grande do Sul,431150,Lavras do Sul
4840,43,Rio Grande do Sul,431160,Liberato Salzano
4841,43,Rio Grande do Sul,431162,Lindolfo Collor
4842,43,Rio Grande do Sul,431164,Linha Nova
4843,43,Rio Grande do Sul,431171,Maçambará
4844,43,Rio Grande do Sul,431170,Machadinho
4845,43,Rio Grande do Sul,431173,Mampituba
4846,43,Rio Grande do Sul,431175,Manoel Viana
4847,43,Rio Grande do Sul,431177,Maquiné
4848,43,Rio Grande do Sul,431179,Maratá
4849,43,Rio Grande do Sul,431180,Marau
4850,43,Rio Grande do Sul,431190,Marcelino Ramos
4851,43,Rio Grande do Sul,431198,Mariana Pimentel
4852,43,Rio Grande do Sul,431200,Mariano Moro
4853,43,Rio Grande do Sul,431205,Marques de Souza
4854,43,Rio Grande do Sul,431210,Mata
4855,43,Rio Grande do Sul,431213,Mato Castelhano
4856,43,Rio Grande do Sul,431215,Mato Leitão
4857,43,Rio Grande do Sul,431217,Mato Queimado
4858,43,Rio Grande do Sul,431220,Maximiliano de Almeida
4859,43,Rio Grande do Sul,431225,Minas do Leão
4860,43,Rio Grande do Sul,431230,Miraguaí
4861,43,Rio Grande do Sul,431235,Montauri
4862,43,Rio Grande do Sul,431237,Monte Alegre dos Campos
4863,43,Rio Grande do Sul,431238,Monte Belo do Sul
4864,43,Rio Grande do Sul,431240,Montenegro
4865,43,Rio Grande do Sul,431242,Mormaço
4866,43,Rio Grande do Sul,431244,Morrinhos do Sul
4867,43,Rio Grande do Sul,431245,Morro Redondo
4868,43,Rio Grande do Sul,431247,Morro Reuter
4869,43,Rio Grande do Sul,431250,Mostardas
4870,43,Rio Grande do Sul,431260,Muçum
4871,43,Rio Grande do Sul,431261,Muitos Capões
4872,43,Rio Grande do Sul,431262,Muliterno
4873,43,Rio Grande do Sul,431265,Não-Me-Toque
4874,43,Rio Grande do Sul,431267,Nicolau Vergueiro
4875,43,Rio Grande do Sul,431270,Nonoai
4876,43,Rio Grande do Sul,431275,Nova Alvorada
4877,43,Rio Grande do Sul,431280,Nova Araçá
4878,43,Rio Grande do Sul,431290,Nova Bassano
4879,43,Rio Grande do Sul,431295,Nova Boa Vista
4880,43,Rio Grande do Sul,431300,Nova Bréscia
4881,43,Rio Grande do Sul,431301,Nova Candelária
4882,43,Rio Grande do Sul,431303,Nova Esperança do Sul
4883,43,Rio Grande do Sul,431306,Nova Hartz
4884,43,Rio Grande do Sul,431308,Nova Pádua
4885,43,Rio Grande do Sul,431310,Nova Palma
4886,43,Rio Grande do Sul,431320,Nova Petrópolis
4887,43,Rio Grande do Sul,431330,Nova Prata
4888,43,Rio Grande do Sul,431333,Nova Ramada
4889,43,Rio Grande do Sul,431335,Nova Roma do Sul
4890,43,Rio Grande do Sul,431337,Nova Santa Rita
4891,43,Rio Grande do Sul,431349,Novo Barreiro
4892,43,Rio Grande do Sul,431339,Novo Cabrais
4893,43,Rio Grande do Sul,431340,Novo Hamburgo
4894,43,Rio Grande do Sul,431342,Novo Machado
4895,43,Rio Grande do Sul,431344,Novo Tiradentes
4896,43,Rio Grande do Sul,431346,Novo Xingu
4897,43,Rio Grande do Sul,431350,Osório
4898,43,Rio Grande do Sul,431360,Paim Filho
4899,43,Rio Grande do Sul,431365,Palmares do Sul
4900,43,Rio Grande do Sul,431370,Palmeira das Missões
4901,43,Rio Grande do Sul,431380,Palmitinho
4902,43,Rio Grande do Sul,431390,Panambi
4903,43,Rio Grande do Sul,431395,Pantano Grande
4904,43,Rio Grande do Sul,431400,Paraí
4905,43,Rio Grande do Sul,431402,Paraíso do Sul
4906,43,Rio Grande do Sul,431403,Pareci Novo
4907,43,Rio Grande do Sul,431405,Parobé
4908,43,Rio Grande do Sul,431406,Passa Sete
4909,43,Rio Grande do Sul,431407,Passo do Sobrado
4910,43,Rio Grande do Sul,431410,Passo Fundo
4911,43,Rio Grande do Sul,431413,Paulo Bento
4912,43,Rio Grande do Sul,431415,Paverama
4913,43,Rio Grande do Sul,431417,Pedras Altas
4914,43,Rio Grande do Sul,431420,Pedro Osório
4915,43,Rio Grande do Sul,431430,Pejuçara
4916,43,Rio Grande do Sul,431440,Pelotas
4917,43,Rio Grande do Sul,431442,Picada Café
4918,43,Rio Grande do Sul,431445,Pinhal
4919,43,Rio Grande do Sul,431446,Pinhal da Serra
4920,43,Rio Grande do Sul,431447,Pinhal Grande
4921,43,Rio Grande do Sul,431449,Pinheirinho do Vale
4922,43,Rio Grande do Sul,431450,Pinheiro Machado
4923,43,Rio Grande do Sul,431454,Pinto Bandeira
4924,43,Rio Grande do Sul,431455,Pirapó
4925,43,Rio Grande do Sul,431460,Piratini
4926,43,Rio Grande do Sul,431470,Planalto
4927,43,Rio Grande do Sul,431475,Poço das Antas
4928,43,Rio Grande do Sul,431477,Pontão
4929,43,Rio Grande do Sul,431478,Ponte Preta
4930,43,Rio Grande do Sul,431480,Portão
4931,43,Rio Grande do Sul,431490,Porto Alegre
4932,43,Rio Grande do Sul,431500,Porto Lucena
4933,43,Rio Grande do Sul,431505,Porto Mauá
4934,43,Rio Grande do Sul,431507,Porto Vera Cruz
4935,43,Rio Grande do Sul,431510,Porto Xavier
4936,43,Rio Grande do Sul,431513,Pouso Novo
4937,43,Rio Grande do Sul,431514,Presidente Lucena
4938,43,Rio Grande do Sul,431515,Progresso
4939,43,Rio Grande do Sul,431517,Protásio Alves
4940,43,Rio Grande do Sul,431520,Putinga
4941,43,Rio Grande do Sul,431530,Quaraí
4942,43,Rio Grande do Sul,431531,Quatro Irmãos
4943,43,Rio Grande do Sul,431532,Quevedos
4944,43,Rio Grande do Sul,431535,Quinze de Novembro
4945,43,Rio Grande do Sul,431540,Redentora
4946,43,Rio Grande do Sul,431545,Relvado
4947,43,Rio Grande do Sul,431550,Restinga Sêca
4948,43,Rio Grande do Sul,431555,Rio dos Índios
4949,43,Rio Grande do Sul,431560,Rio Grande
4950,43,Rio Grande do Sul,431570,Rio Pardo
4951,43,Rio Grande do Sul,431575,Riozinho
4952,43,Rio Grande do Sul,431580,Roca Sales
4953,43,Rio Grande do Sul,431590,Rodeio Bonito
4954,43,Rio Grande do Sul,431595,Rolador
4955,43,Rio Grande do Sul,431600,Rolante
4956,43,Rio Grande do Sul,431610,Ronda Alta
4957,43,Rio Grande do Sul,431620,Rondinha
4958,43,Rio Grande do Sul,431630,Roque Gonzales
4959,43,Rio Grande do Sul,431640,Rosário do Sul
4960,43,Rio Grande do Sul,431642,Sagrada Família
4961,43,Rio Grande do Sul,431643,Saldanha Marinho
4962,43,Rio Grande do Sul,431645,Salto do Jacuí
4963,43,Rio Grande do Sul,431647,Salvador das Missões
4964,43,Rio Grande do Sul,431650,Salvador do Sul
4965,43,Rio Grande do Sul,431660,Sananduva
4966,43,Rio Grande do Sul,431670,Santa Bárbara do Sul
4967,43,Rio Grande do Sul,431673,Santa Cecília do Sul
4968,43,Rio Grande do Sul,431675,Santa Clara do Sul
4969,43,Rio Grande do Sul,431680,Santa Cruz do Sul
4970,43,Rio Grande do Sul,431697,Santa Margarida do Sul
4971,43,Rio Grande do Sul,431690,Santa Maria
4972,43,Rio Grande do Sul,431695,Santa Maria do Herval
4973,43,Rio Grande do Sul,431720,Santa Rosa
4974,43,Rio Grande do Sul,431725,Santa Tereza
4975,43,Rio Grande do Sul,431730,Santa Vitória do Palmar
4976,43,Rio Grande do Sul,431700,Santana da Boa Vista
4977,43,Rio Grande do Sul,431710,Sant'Ana do Livramento
4978,43,Rio Grande do Sul,431740,Santiago
4979,43,Rio Grande do Sul,431750,Santo Ângelo
4980,43,Rio Grande do Sul,431760,Santo Antônio da Patrulha
4981,43,Rio Grande do Sul,431770,Santo Antônio das Missões
4982,43,Rio Grande do Sul,431755,Santo Antônio do Palma
4983,43,Rio Grande do Sul,431775,Santo Antônio do Planalto
4984,43,Rio Grande do Sul,431780,Santo Augusto
4985,43,Rio Grande do Sul,431790,Santo Cristo
4986,43,Rio Grande do Sul,431795,Santo Expedito do Sul
4987,43,Rio Grande do Sul,431800,São Borja
4988,43,Rio Grande do Sul,431805,São Domingos do Sul
4989,43,Rio Grande do Sul,431810,São Francisco de Assis
4990,43,Rio Grande do Sul,431820,São Francisco de Paula
4991,43,Rio Grande do Sul,431830,São Gabriel
4992,43,Rio Grande do Sul,431840,São Jerônimo
4993,43,Rio Grande do Sul,431842,São João da Urtiga
4994,43,Rio Grande do Sul,431843,São João do Polêsine
4995,43,Rio Grande do Sul,431844,São Jorge
4996,43,Rio Grande do Sul,431845,São José das Missões
4997,43,Rio Grande do Sul,431846,São José do Herval
4998,43,Rio Grande do Sul,431848,São José do Hortêncio
4999,43,Rio Grande do Sul,431849,São José do Inhacorá
5000,43,Rio Grande do Sul,431850,São José do Norte
5001,43,Rio Grande do Sul,431860,São José do Ouro
5002,43,Rio Grande do Sul,431861,São José do Sul
5003,43,Rio Grande do Sul,431862,São José dos Ausentes
5004,43,Rio Grande do Sul,431870,São Leopoldo
5005,43,Rio Grande do Sul,431880,São Lourenço do Sul
5006,43,Rio Grande do Sul,431890,São Luiz Gonzaga
5007,43,Rio Grande do Sul,431900,São Marcos
5008,43,Rio Grande do Sul,431910,São Martinho
5009,43,Rio Grande do Sul,431912,São Martinho da Serra
5010,43,Rio Grande do Sul,431915,São Miguel das Missões
5011,43,Rio Grande do Sul,431920,São Nicolau
5012,43,Rio Grande do Sul,431930,São Paulo das Missões
5013,43,Rio Grande do Sul,431935,São Pedro da Serra
5014,43,Rio Grande do Sul,431936,São Pedro das Missões
5015,43,Rio Grande do Sul,431937,São Pedro do Butiá
5016,43,Rio Grande do Sul,431940,São Pedro do Sul
5017,43,Rio Grande do Sul,431950,São Sebastião do Caí
5018,43,Rio Grande do Sul,431960,São Sepé
5019,43,Rio Grande do Sul,431970,São Valentim
5020,43,Rio Grande do Sul,431971,São Valentim do Sul
5021,43,Rio Grande do Sul,431973,São Valério do Sul
5022,43,Rio Grande do Sul,431975,São Vendelino
5023,43,Rio Grande do Sul,431980,São Vicente do Sul
5024,43,Rio Grande do Sul,431990,Sapiranga
5025,43,Rio Grande do Sul,432000,Sapucaia do Sul
5026,43,Rio Grande do Sul,432010,Sarandi
5027,43,Rio Grande do Sul,432020,Seberi
5028,43,Rio Grande do Sul,432023,Sede Nova
5029,43,Rio Grande do Sul,432026,Segredo
5030,43,Rio Grande do Sul,432030,Selbach
5031,43,Rio Grande do Sul,432032,Senador Salgado Filho
5032,43,Rio Grande do Sul,432035,Sentinela do Sul
5033,43,Rio Grande do Sul,432040,Serafina Corrêa
5034,43,Rio Grande do Sul,432045,Sério
5035,43,Rio Grande do Sul,432050,Sertão
5036,43,Rio Grande do Sul,432055,Sertão Santana
5037,43,Rio Grande do Sul,432057,Sete de Setembro
5038,43,Rio Grande do Sul,432060,Severiano de Almeida
5039,43,Rio Grande do Sul,432065,Silveira Martins
5040,43,Rio Grande do Sul,432067,Sinimbu
5041,43,Rio Grande do Sul,432070,Sobradinho
5042,43,Rio Grande do Sul,432080,Soledade
5043,43,Rio Grande do Sul,432085,Tabaí
5044,43,Rio Grande do Sul,432090,Tapejara
5045,43,Rio Grande do Sul,432100,Tapera
5046,43,Rio Grande do Sul,432110,Tapes
5047,43,Rio Grande do Sul,432120,Taquara
5048,43,Rio Grande do Sul,432130,Taquari
5049,43,Rio Grande do Sul,432132,Taquaruçu do Sul
5050,43,Rio Grande do Sul,432135,Tavares
5051,43,Rio Grande do Sul,432140,Tenente Portela
5052,43,Rio Grande do Sul,432143,Terra de Areia
5053,43,Rio Grande do Sul,432145,Teutônia
5054,43,Rio Grande do Sul,432146,Tio Hugo
5055,43,Rio Grande do Sul,432147,Tiradentes do Sul
5056,43,Rio Grande do Sul,432149,Toropi
5057,43,Rio Grande do Sul,432150,Torres
5058,43,Rio Grande do Sul,432160,Tramandaí
5059,43,Rio Grande do Sul,432162,Travesseiro
5060,43,Rio Grande do Sul,432163,Três Arroios
5061,43,Rio Grande do Sul,432166,Três Cachoeiras
5062,43,Rio Grande do Sul,432170,Três Coroas
5063,43,Rio Grande do Sul,432180,Três de Maio
5064,43,Rio Grande do Sul,432183,Três Forquilhas
5065,43,Rio Grande do Sul,432185,Três Palmeiras
5066,43,Rio Grande do Sul,432190,Três Passos
5067,43,Rio Grande do Sul,432195,Trindade do Sul
5068,43,Rio Grande do Sul,432200,Triunfo
5069,43,Rio Grande do Sul,432210,Tucunduva
5070,43,Rio Grande do Sul,432215,Tunas
5071,43,Rio Grande do Sul,432218,Tupanci do Sul
5072,43,Rio Grande do Sul,432220,Tupanciretã
5073,43,Rio Grande do Sul,432225,Tupandi
5074,43,Rio Grande do Sul,432230,Tuparendi
5075,43,Rio Grande do Sul,432232,Turuçu
5076,43,Rio Grande do Sul,432234,Ubiretama
5077,43,Rio Grande do Sul,432235,União da Serra
5078,43,Rio Grande do Sul,432237,Unistalda
5079,43,Rio Grande do Sul,432240,Uruguaiana
5080,43,Rio Grande do Sul,432250,Vacaria
5081,43,Rio Grande do Sul,432253,Vale do Sol
5082,43,Rio Grande do Sul,432254,Vale Real
5083,43,Rio Grande do Sul,432252,Vale Verde
5084,43,Rio Grande do Sul,432255,Vanini
5085,43,Rio Grande do Sul,432260,Venâncio Aires
5086,43,Rio Grande do Sul,432270,Vera Cruz
5087,43,Rio Grande do Sul,432280,Veranópolis
5088,43,Rio Grande do Sul,432285,Vespasiano Corrêa
5089,43,Rio Grande do Sul,432290,Viadutos
5090,43,Rio Grande do Sul,432300,Viamão
5091,43,Rio Grande do Sul,432310,Vicente Dutra
5092,43,Rio Grande do Sul,432320,Victor Graeff
5093,43,Rio Grande do Sul,432330,Vila Flores
5094,43,Rio Grande do Sul,432335,Vila Lângaro
5095,43,Rio Grande do Sul,432340,Vila Maria
5096,43,Rio Grande do Sul,432345,Vila Nova do Sul
5097,43,Rio Grande do Sul,432350,Vista Alegre
5098,43,Rio Grande do Sul,432360,Vista Alegre do Prata
5099,43,Rio Grande do Sul,432370,Vista Gaúcha
5100,43,Rio Grande do Sul,432375,Vitória das Missões
5101,43,Rio Grande do Sul,432377,Westfália
5102,43,Rio Grande do Sul,432380,Xangri-lá
5103,50,Mato Grosso do Sul,500020,Água Clara
5104,50,Mato Grosso do Sul,500025,Alcinópolis
5105,50,Mato Grosso do Sul,500060,Amambai
5106,50,Mato Grosso do Sul,500070,Anastácio
5107,50,Mato Grosso do Sul,500080,Anaurilândia
5108,50,Mato Grosso do Sul,500085,Angélica
5109,50,Mato Grosso do Sul,500090,Antônio João
5110,50,Mato Grosso do Sul,500100,Aparecida do Taboado
5111,50,Mato Grosso do Sul,500110,Aquidauana
5112,50,Mato Grosso do Sul,500124,Aral Moreira
5113,50,Mato Grosso do Sul,500150,Bandeirantes
5114,50,Mato Grosso do Sul,500190,Bataguassu
5115,50,Mato Grosso do Sul,500200,Batayporã
5116,50,Mato Grosso do Sul,500210,Bela Vista
5117,50,Mato Grosso do Sul,500215,Bodoquena
5118,50,Mato Grosso do Sul,500220,Bonito
5119,50,Mato Grosso do Sul,500230,Brasilândia
5120,50,Mato Grosso do Sul,500240,Caarapó
5121,50,Mato Grosso do Sul,500260,Camapuã
5122,50,Mato Grosso do Sul,500270,Campo Grande
5123,50,Mato Grosso do Sul,500280,Caracol
5124,50,Mato Grosso do Sul,500290,Cassilândia
5125,50,Mato Grosso do Sul,500295,Chapadão do Sul
5126,50,Mato Grosso do Sul,500310,Corguinho
5127,50,Mato Grosso do Sul,500315,Coronel Sapucaia
5128,50,Mato Grosso do Sul,500320,Corumbá
5129,50,Mato Grosso do Sul,500325,Costa Rica
5130,50,Mato Grosso do Sul,500330,Coxim
5131,50,Mato Grosso do Sul,500345,Deodápolis
5132,50,Mato Grosso do Sul,500348,Dois Irmãos do Buriti
5133,50,Mato Grosso do Sul,500350,Douradina
5134,50,Mato Grosso do Sul,500370,Dourados
5135,50,Mato Grosso do Sul,500375,Eldorado
5136,50,Mato Grosso do Sul,500380,Fátima do Sul
5137,50,Mato Grosso do Sul,500390,Figueirão
5138,50,Mato Grosso do Sul,500400,Glória de Dourados
5139,50,Mato Grosso do Sul,500410,Guia Lopes da Laguna
5140,50,Mato Grosso do Sul,500430,Iguatemi
5141,50,Mato Grosso do Sul,500440,Inocência
5142,50,Mato Grosso do Sul,500450,Itaporã
5143,50,Mato Grosso do Sul,500460,Itaquiraí
5144,50,Mato Grosso do Sul,500470,Ivinhema
5145,50,Mato Grosso do Sul,500480,Japorã
5146,50,Mato Grosso do Sul,500490,Jaraguari
5147,50,Mato Grosso do Sul,500500,Jardim
5148,50,Mato Grosso do Sul,500510,Jateí
5149,50,Mato Grosso do Sul,500515,Juti
5150,50,Mato Grosso do Sul,500520,Ladário
5151,50,Mato Grosso do Sul,500525,Laguna Carapã
5152,50,Mato Grosso do Sul,500540,Maracaju
5153,50,Mato Grosso do Sul,500560,Miranda
5154,50,Mato Grosso do Sul,500568,Mundo Novo
5155,50,Mato Grosso do Sul,500570,Naviraí
5156,50,Mato Grosso do Sul,500580,Nioaque
5157,50,Mato Grosso do Sul,500600,Nova Alvorada do Sul
5158,50,Mato Grosso do Sul,500620,Nova Andradina
5159,50,Mato Grosso do Sul,500625,Novo Horizonte do Sul
5160,50,Mato Grosso do Sul,500627,Paraíso das Águas
5161,50,Mato Grosso do Sul,500630,Paranaíba
5162,50,Mato Grosso do Sul,500635,Paranhos
5163,50,Mato Grosso do Sul,500640,Pedro Gomes
5164,50,Mato Grosso do Sul,500660,Ponta Porã
5165,50,Mato Grosso do Sul,500690,Porto Murtinho
5166,50,Mato Grosso do Sul,500710,Ribas do Rio Pardo
5167,50,Mato Grosso do Sul,500720,Rio Brilhante
5168,50,Mato Grosso do Sul,500730,Rio Negro
5169,50,Mato Grosso do Sul,500740,Rio Verde de Mato Grosso
5170,50,Mato Grosso do Sul,500750,Rochedo
5171,50,Mato Grosso do Sul,500755,Santa Rita do Pardo
5172,50,Mato Grosso do Sul,500769,São Gabriel do Oeste
5173,50,Mato Grosso do Sul,500780,Selvíria
5174,50,Mato Grosso do Sul,500770,Sete Quedas
5175,50,Mato Grosso do Sul,500790,Sidrolândia
5176,50,Mato Grosso do Sul,500793,Sonora
5177,50,Mato Grosso do Sul,500795,Tacuru
5178,50,Mato Grosso do Sul,500797,Taquarussu
5179,50,Mato Grosso do Sul,500800,Terenos
5180,50,Mato Grosso do Sul,500830,Três Lagoas
5181,50,Mato Grosso do Sul,500840,Vicentina
5182,51,Mato Grosso,510010,Acorizal
5183,51,Mato Grosso,510020,Água Boa
5184,51,Mato Grosso,510025,Alta Floresta
5185,51,Mato Grosso,510030,Alto Araguaia
5186,51,Mato Grosso,510035,Alto Boa Vista
5187,51,Mato Grosso,510040,Alto Garças
5188,51,Mato Grosso,510050,Alto Paraguai
5189,51,Mato Grosso,510060,Alto Taquari
5190,51,Mato Grosso,510080,Apiacás
5191,51,Mato Grosso,510100,Araguaiana
5192,51,Mato Grosso,510120,Araguainha
5193,51,Mato Grosso,510125,Araputanga
5194,51,Mato Grosso,510130,Arenápolis
5195,51,Mato Grosso,510140,Aripuanã
5196,51,Mato Grosso,510160,Barão de Melgaço
5197,51,Mato Grosso,510170,Barra do Bugres
5198,51,Mato Grosso,510180,Barra do Garças
5199,51,Mato Grosso,510183,Boa Esperança do Norte
5200,51,Mato Grosso,510185,Bom Jesus do Araguaia
5201,51,Mato Grosso,510190,Brasnorte
5202,51,Mato Grosso,510250,Cáceres
5203,51,Mato Grosso,510260,Campinápolis
5204,51,Mato Grosso,510263,Campo Novo do Parecis
5205,51,Mato Grosso,510267,Campo Verde
5206,51,Mato Grosso,510268,Campos de Júlio
5207,51,Mato Grosso,510269,Canabrava do Norte
5208,51,Mato Grosso,510270,Canarana
5209,51,Mato Grosso,510279,Carlinda
5210,51,Mato Grosso,510285,Castanheira
5211,51,Mato Grosso,510300,Chapada dos Guimarães
5212,51,Mato Grosso,510305,Cláudia
5213,51,Mato Grosso,510310,Cocalinho
5214,51,Mato Grosso,510320,Colíder
5215,51,Mato Grosso,510325,Colniza
5216,51,Mato Grosso,510330,Comodoro
5217,51,Mato Grosso,510335,Confresa
5218,51,Mato Grosso,510336,Conquista D'Oeste
5219,51,Mato Grosso,510337,Cotriguaçu
5220,51,Mato Grosso,510340,Cuiabá
5221,51,Mato Grosso,510343,Curvelândia
5222,51,Mato Grosso,510345,Denise
5223,51,Mato Grosso,510350,Diamantino
5224,51,Mato Grosso,510360,Dom Aquino
5225,51,Mato Grosso,510370,Feliz Natal
5226,51,Mato Grosso,510380,Figueirópolis D'Oeste
5227,51,Mato Grosso,510385,Gaúcha do Norte
5228,51,Mato Grosso,510390,General Carneiro
5229,51,Mato Grosso,510395,Glória D'Oeste
5230,51,Mato Grosso,510410,Guarantã do Norte
5231,51,Mato Grosso,510420,Guiratinga
5232,51,Mato Grosso,510450,Indiavaí
5233,51,Mato Grosso,510452,Ipiranga do Norte
5234,51,Mato Grosso,510454,Itanhangá
5235,51,Mato Grosso,510455,Itaúba
5236,51,Mato Grosso,510460,Itiquira
5237,51,Mato Grosso,510480,Jaciara
5238,51,Mato Grosso,510490,Jangada
5239,51,Mato Grosso,510500,Jauru
5240,51,Mato Grosso,510510,Juara
5241,51,Mato Grosso,510515,Juína
5242,51,Mato Grosso,510517,Juruena
5243,51,Mato Grosso,510520,Juscimeira
5244,51,Mato Grosso,510523,Lambari D'Oeste
5245,51,Mato Grosso,510525,Lucas do Rio Verde
5246,51,Mato Grosso,510530,Luciara
5247,51,Mato Grosso,510558,Marcelândia
5248,51,Mato Grosso,510560,Matupá
5249,51,Mato Grosso,510562,Mirassol d'Oeste
5250,51,Mato Grosso,510590,Nobres
5251,51,Mato Grosso,510600,Nortelândia
5252,51,Mato Grosso,510610,Nossa Senhora do Livramento
5253,51,Mato Grosso,510615,Nova Bandeirantes
5254,51,Mato Grosso,510620,Nova Brasilândia
5255,51,Mato Grosso,510621,Nova Canaã do Norte
5256,51,Mato Grosso,510880,Nova Guarita
5257,51,Mato Grosso,510618,Nova Lacerda
5258,51,Mato Grosso,510885,Nova Marilândia
5259,51,Mato Grosso,510890,Nova Maringá
5260,51,Mato Grosso,510895,Nova Monte Verde
5261,51,Mato Grosso,510622,Nova Mutum
5262,51,Mato Grosso,510617,Nova Nazaré
5263,51,Mato Grosso,510623,Nova Olímpia
5264,51,Mato Grosso,510619,Nova Santa Helena
5265,51,Mato Grosso,510624,Nova Ubiratã
5266,51,Mato Grosso,510625,Nova Xavantina
5267,51,Mato Grosso,510627,Novo Horizonte do Norte
5268,51,Mato Grosso,510626,Novo Mundo
5269,51,Mato Grosso,510631,Novo Santo Antônio
5270,51,Mato Grosso,510628,Novo São Joaquim
5271,51,Mato Grosso,510629,Paranaíta
5272,51,Mato Grosso,510630,Paranatinga
5273,51,Mato Grosso,510637,Pedra Preta
5274,51,Mato Grosso,510642,Peixoto de Azevedo
5275,51,Mato Grosso,510645,Planalto da Serra
5276,51,Mato Grosso,510650,Poconé
5277,51,Mato Grosso,510665,Pontal do Araguaia
5278,51,Mato Grosso,510670,Ponte Branca
5279,51,Mato Grosso,510675,Pontes e Lacerda
5280,51,Mato Grosso,510677,Porto Alegre do Norte
5281,51,Mato Grosso,510680,Porto dos Gaúchos
5282,51,Mato Grosso,510682,Porto Esperidião
5283,51,Mato Grosso,510685,Porto Estrela
5284,51,Mato Grosso,510700,Poxoréu
5285,51,Mato Grosso,510704,Primavera do Leste
5286,51,Mato Grosso,510706,Querência
5287,51,Mato Grosso,510715,Reserva do Cabaçal
5288,51,Mato Grosso,510718,Ribeirão Cascalheira
5289,51,Mato Grosso,510719,Ribeirãozinho
5290,51,Mato Grosso,510720,Rio Branco
5291,51,Mato Grosso,510757,Rondolândia
5292,51,Mato Grosso,510760,Rondonópolis
5293,51,Mato Grosso,510770,Rosário Oeste
5294,51,Mato Grosso,510775,Salto do Céu
5295,51,Mato Grosso,510724,Santa Carmem
5296,51,Mato Grosso,510774,Santa Cruz do Xingu
5297,51,Mato Grosso,510776,Santa Rita do Trivelato
5298,51,Mato Grosso,510777,Santa Terezinha
5299,51,Mato Grosso,510726,Santo Afonso
5300,51,Mato Grosso,510780,Santo Antônio de Leverger
5301,51,Mato Grosso,510779,Santo Antônio do Leste
5302,51,Mato Grosso,510785,São Félix do Araguaia
5303,51,Mato Grosso,510729,São José do Povo
5304,51,Mato Grosso,510730,São José do Rio Claro
5305,51,Mato Grosso,510735,São José do Xingu
5306,51,Mato Grosso,510710,São José dos Quatro Marcos
5307,51,Mato Grosso,510740,São Pedro da Cipa
5308,51,Mato Grosso,510787,Sapezal
5309,51,Mato Grosso,510788,Serra Nova Dourada
5310,51,Mato Grosso,510790,Sinop
5311,51,Mato Grosso,510792,Sorriso
5312,51,Mato Grosso,510794,Tabaporã
5313,51,Mato Grosso,510795,Tangará da Serra
5314,51,Mato Grosso,510800,Tapurah
5315,51,Mato Grosso,510805,Terra Nova do Norte
5316,51,Mato Grosso,510810,Tesouro
5317,51,Mato Grosso,510820,Torixoréu
5318,51,Mato Grosso,510830,União do Sul
5319,51,Mato Grosso,510835,Vale de São Domingos
5320,51,Mato Grosso,510840,Várzea Grande
5321,51,Mato Grosso,510850,Vera
5322,51,Mato Grosso,510550,Vila Bela da Santíssima Trindade
5323,51,Mato Grosso,510860,Vila Rica
5324,52,Goiás,520005,Abadia de Goiás
5325,52,Goiás,520010,Abadiânia
5326,52,Goiás,520013,Acreúna
5327,52,Goiás,520015,Adelândia
5328,52,Goiás,520017,Água Fria de Goiás
5329,52,Goiás,520020,Água Limpa
5330,52,Goiás,520025,Águas Lindas de Goiás
5331,52,Goiás,520030,Alexânia
5332,52,Goiás,520050,Aloândia
5333,52,Goiás,520055,Alto Horizonte
5334,52,Goiás,520060,Alto Paraíso de Goiás
5335,52,Goiás,520080,Alvorada do Norte
5336,52,Goiás,520082,Amaralina
5337,52,Goiás,520085,Americano do Brasil
5338,52,Goiás,520090,Amorinópolis
5339,52,Goiás,520110,Anápolis
5340,52,Goiás,520120,Anhanguera
5341,52,Goiás,520130,Anicuns
5342,52,Goiás,520140,Aparecida de Goiânia
5343,52,Goiás,520145,Aparecida do Rio Doce
5344,52,Goiás,520150,Aporé
5345,52,Goiás,520160,Araçu
5346,52,Goiás,520170,Aragarças
5347,52,Goiás,520180,Aragoiânia
5348,52,Goiás,520215,Araguapaz
5349,52,Goiás,520235,Arenópolis
5350,52,Goiás,520250,Aruanã
5351,52,Goiás,520260,Aurilândia
5352,52,Goiás,520280,Avelinópolis
5353,52,Goiás,520310,Baliza
5354,52,Goiás,520320,Barro Alto
5355,52,Goiás,520330,Bela Vista de Goiás
5356,52,Goiás,520340,Bom Jardim de Goiás
5357,52,Goiás,520350,Bom Jesus de Goiás
5358,52,Goiás,520355,Bonfinópolis
5359,52,Goiás,520357,Bonópolis
5360,52,Goiás,520360,Brazabrantes
5361,52,Goiás,520380,Britânia
5362,52,Goiás,520390,Buriti Alegre
5363,52,Goiás,520393,Buriti de Goiás
5364,52,Goiás,520396,Buritinópolis
5365,52,Goiás,520400,Cabeceiras
5366,52,Goiás,520410,Cachoeira Alta
5367,52,Goiás,520420,Cachoeira de Goiás
5368,52,Goiás,520425,Cachoeira Dourada
5369,52,Goiás,520430,Caçu
5370,52,Goiás,520440,Caiapônia
5371,52,Goiás,520450,Caldas Novas
5372,52,Goiás,520455,Caldazinha
5373,52,Goiás,520460,Campestre de Goiás
5374,52,Goiás,520465,Campinaçu
5375,52,Goiás,520470,Campinorte
5376,52,Goiás,520480,Campo Alegre de Goiás
5377,52,Goiás,520485,Campo Limpo de Goiás
5378,52,Goiás,520490,Campos Belos
5379,52,Goiás,520495,Campos Verdes
5380,52,Goiás,520500,Carmo do Rio Verde
5381,52,Goiás,520505,Castelândia
5382,52,Goiás,520510,Catalão
5383,52,Goiás,520520,Caturaí
5384,52,Goiás,520530,Cavalcante
5385,52,Goiás,520540,Ceres
5386,52,Goiás,520545,Cezarina
5387,52,Goiás,520547,Chapadão do Céu
5388,52,Goiás,520549,Cidade Ocidental
5389,52,Goiás,520551,Cocalzinho de Goiás
5390,52,Goiás,520552,Colinas do Sul
5391,52,Goiás,520570,Córrego do Ouro
5392,52,Goiás,520580,Corumbá de Goiás
5393,52,Goiás,520590,Corumbaíba
5394,52,Goiás,520620,Cristalina
5395,52,Goiás,520630,Cristianópolis
5396,52,Goiás,520640,Crixás
5397,52,Goiás,520650,Cromínia
5398,52,Goiás,520660,Cumari
5399,52,Goiás,520670,Damianópolis
5400,52,Goiás,520680,Damolândia
5401,52,Goiás,520690,Davinópolis
5402,52,Goiás,520710,Diorama
5403,52,Goiás,520830,Divinópolis de Goiás
5404,52,Goiás,520725,Doverlândia
5405,52,Goiás,520735,Edealina
5406,52,Goiás,520740,Edéia
5407,52,Goiás,520750,Estrela do Norte
5408,52,Goiás,520753,Faina
5409,52,Goiás,520760,Fazenda Nova
5410,52,Goiás,520780,Firminópolis
5411,52,Goiás,520790,Flores de Goiás
5412,52,Goiás,520800,Formosa
5413,52,Goiás,520810,Formoso
5414,52,Goiás,520815,Gameleira de Goiás
5415,52,Goiás,520840,Goianápolis
5416,52,Goiás,520850,Goiandira
5417,52,Goiás,520860,Goianésia
5418,52,Goiás,520870,Goiânia
5419,52,Goiás,520880,Goianira
5420,52,Goiás,520890,Goiás
5421,52,Goiás,520910,Goiatuba
5422,52,Goiás,520915,Gouvelândia
5423,52,Goiás,520920,Guapó
5424,52,Goiás,520929,Guaraíta
5425,52,Goiás,520940,Guarani de Goiás
5426,52,Goiás,520945,Guarinos
5427,52,Goiás,520960,Heitoraí
5428,52,Goiás,520970,Hidrolândia
5429,52,Goiás,520980,Hidrolina
5430,52,Goiás,520990,Iaciara
5431,52,Goiás,520993,Inaciolândia
5432,52,Goiás,520995,Indiara
5433,52,Goiás,521000,Inhumas
5434,52,Goiás,521010,Ipameri
5435,52,Goiás,521015,Ipiranga de Goiás
5436,52,Goiás,521020,Iporá
5437,52,Goiás,521030,Israelândia
5438,52,Goiás,521040,Itaberaí
5439,52,Goiás,521056,Itaguari
5440,52,Goiás,521060,Itaguaru
5441,52,Goiás,521080,Itajá
5442,52,Goiás,521090,Itapaci
5443,52,Goiás,521100,Itapirapuã
5444,52,Goiás,521120,Itapuranga
5445,52,Goiás,521130,Itarumã
5446,52,Goiás,521140,Itauçu
5447,52,Goiás,521150,Itumbiara
5448,52,Goiás,521160,Ivolândia
5449,52,Goiás,521170,Jandaia
5450,52,Goiás,521180,Jaraguá
5451,52,Goiás,521190,Jataí
5452,52,Goiás,521200,Jaupaci
5453,52,Goiás,521205,Jesúpolis
5454,52,Goiás,521210,Joviânia
5455,52,Goiás,521220,Jussara
5456,52,Goiás,521225,Lagoa Santa
5457,52,Goiás,521230,Leopoldo de Bulhões
5458,52,Goiás,521250,Luziânia
5459,52,Goiás,521260,Mairipotaba
5460,52,Goiás,521270,Mambaí
5461,52,Goiás,521280,Mara Rosa
5462,52,Goiás,521290,Marzagão
5463,52,Goiás,521295,Matrinchã
5464,52,Goiás,521300,Maurilândia
5465,52,Goiás,521305,Mimoso de Goiás
5466,52,Goiás,521308,Minaçu
5467,52,Goiás,521310,Mineiros
5468,52,Goiás,521340,Moiporá
5469,52,Goiás,521350,Monte Alegre de Goiás
5470,52,Goiás,521370,Montes Claros de Goiás
5471,52,Goiás,521375,Montividiu
5472,52,Goiás,521377,Montividiu do Norte
5473,52,Goiás,521380,Morrinhos
5474,52,Goiás,521385,Morro Agudo de Goiás
5475,52,Goiás,521390,Mossâmedes
5476,52,Goiás,521400,Mozarlândia
5477,52,Goiás,521405,Mundo Novo
5478,52,Goiás,521410,Mutunópolis
5479,52,Goiás,521440,Nazário
5480,52,Goiás,521450,Nerópolis
5481,52,Goiás,521460,Niquelândia
5482,52,Goiás,521470,Nova América
5483,52,Goiás,521480,Nova Aurora
5484,52,Goiás,521483,Nova Crixás
5485,52,Goiás,521486,Nova Glória
5486,52,Goiás,521487,Nova Iguaçu de Goiás
5487,52,Goiás,521490,Nova Roma
5488,52,Goiás,521500,Nova Veneza
5489,52,Goiás,521520,Novo Brasil
5490,52,Goiás,521523,Novo Gama
5491,52,Goiás,521525,Novo Planalto
5492,52,Goiás,521530,Orizona
5493,52,Goiás,521540,Ouro Verde de Goiás
5494,52,Goiás,521550,Ouvidor
5495,52,Goiás,521560,Padre Bernardo
5496,52,Goiás,521565,Palestina de Goiás
5497,52,Goiás,521570,Palmeiras de Goiás
5498,52,Goiás,521580,Palmelo
5499,52,Goiás,521590,Palminópolis
5500,52,Goiás,521600,Panamá
5501,52,Goiás,521630,Paranaiguara
5502,52,Goiás,521640,Paraúna
5503,52,Goiás,521645,Perolândia
5504,52,Goiás,521680,Petrolina de Goiás
5505,52,Goiás,521690,Pilar de Goiás
5506,52,Goiás,521710,Piracanjuba
5507,52,Goiás,521720,Piranhas
5508,52,Goiás,521730,Pirenópolis
5509,52,Goiás,521740,Pires do Rio
5510,52,Goiás,521760,Planaltina
5511,52,Goiás,521770,Pontalina
5512,52,Goiás,521800,Porangatu
5513,52,Goiás,521805,Porteirão
5514,52,Goiás,521810,Portelândia
5515,52,Goiás,521830,Posse
5516,52,Goiás,521839,Professor Jamil
5517,52,Goiás,521850,Quirinópolis
5518,52,Goiás,521860,Rialma
5519,52,Goiás,521870,Rianápolis
5520,52,Goiás,521878,Rio Quente
5521,52,Goiás,521880,Rio Verde
5522,52,Goiás,521890,Rubiataba
5523,52,Goiás,521900,Sanclerlândia
5524,52,Goiás,521910,Santa Bárbara de Goiás
5525,52,Goiás,521920,Santa Cruz de Goiás
5526,52,Goiás,521925,Santa Fé de Goiás
5527,52,Goiás,521930,Santa Helena de Goiás
5528,52,Goiás,521935,Santa Isabel
5529,52,Goiás,521940,Santa Rita do Araguaia
5530,52,Goiás,521945,Santa Rita do Novo Destino
5531,52,Goiás,521950,Santa Rosa de Goiás
5532,52,Goiás,521960,Santa Tereza de Goiás
5533,52,Goiás,521970,Santa Terezinha de Goiás
5534,52,Goiás,521971,Santo Antônio da Barra
5535,52,Goiás,521973,Santo Antônio de Goiás
5536,52,Goiás,521975,Santo Antônio do Descoberto
5537,52,Goiás,521980,São Domingos
5538,52,Goiás,521990,São Francisco de Goiás
5539,52,Goiás,522005,São João da Paraúna
5540,52,Goiás,522000,São João d'Aliança
5541,52,Goiás,522010,São Luís de Montes Belos
5542,52,Goiás,522015,São Luiz do Norte
5543,52,Goiás,522020,São Miguel do Araguaia
5544,52,Goiás,522026,São Miguel do Passa Quatro
5545,52,Goiás,522028,São Patrício
5546,52,Goiás,522040,São Simão
5547,52,Goiás,522045,Senador Canedo
5548,52,Goiás,522050,Serranópolis
5549,52,Goiás,522060,Silvânia
5550,52,Goiás,522068,Simolândia
5551,52,Goiás,522070,Sítio d'Abadia
5552,52,Goiás,522100,Taquaral de Goiás
5553,52,Goiás,522108,Teresina de Goiás
5554,52,Goiás,522119,Terezópolis de Goiás
5555,52,Goiás,522130,Três Ranchos
5556,52,Goiás,522140,Trindade
5557,52,Goiás,522145,Trombas
5558,52,Goiás,522150,Turvânia
5559,52,Goiás,522155,Turvelândia
5560,52,Goiás,522157,Uirapuru
5561,52,Goiás,522160,Uruaçu
5562,52,Goiás,522170,Uruana
5563,52,Goiás,522180,Urutaí
5564,52,Goiás,522185,Valparaíso de Goiás
5565,52,Goiás,522190,Varjão
5566,52,Goiás,522200,Vianópolis
5567,52,Goiás,522205,Vicentinópolis
5568,52,Goiás,522220,Vila Boa
5569,52,Goiás,522230,Vila Propício
5570,53,Distrito Federal,530010,Brasília
